-- phpMyAdmin SQL Dump
-- version 5.1.1
-- https://www.phpmyadmin.net/
--
-- Host: 127.0.0.1
-- Generation Time: Jul 11, 2022 at 11:21 AM
-- Server version: 10.4.22-MariaDB
-- PHP Version: 8.0.15

SET SQL_MODE = "NO_AUTO_VALUE_ON_ZERO";
START TRANSACTION;
SET time_zone = "+00:00";


/*!40101 SET @OLD_CHARACTER_SET_CLIENT=@@CHARACTER_SET_CLIENT */;
/*!40101 SET @OLD_CHARACTER_SET_RESULTS=@@CHARACTER_SET_RESULTS */;
/*!40101 SET @OLD_COLLATION_CONNECTION=@@COLLATION_CONNECTION */;
/*!40101 SET NAMES utf8mb4 */;

--
-- Database: `travelapi`
--

-- --------------------------------------------------------

--
-- Table structure for table `categories`
--

CREATE TABLE `categories` (
  `id` bigint(20) UNSIGNED NOT NULL,
  `title` varchar(255) COLLATE utf8mb4_unicode_ci NOT NULL,
  `slug` varchar(255) COLLATE utf8mb4_unicode_ci NOT NULL,
  `status` tinyint(1) NOT NULL,
  `created_at` timestamp NULL DEFAULT NULL,
  `updated_at` timestamp NULL DEFAULT NULL
) ENGINE=InnoDB DEFAULT CHARSET=utf8mb4 COLLATE=utf8mb4_unicode_ci;

--
-- Dumping data for table `categories`
--

INSERT INTO `categories` (`id`, `title`, `slug`, `status`, `created_at`, `updated_at`) VALUES
(4, 'Trang Chủ', 'trang-chu', 1, '2022-07-06 07:25:13', '2022-07-06 07:25:13'),
(6, 'Tour Nội Địa', 'tour-noi-dia', 1, '2022-07-06 07:25:26', '2022-07-06 07:25:26'),
(7, 'Tour Nước Ngoài', 'tour-nuoc-ngoai', 1, '2022-07-06 07:25:32', '2022-07-06 07:25:32'),
(8, 'Tin Tức', 'tin-tuc', 1, '2022-07-06 07:25:32', '2022-07-06 07:25:32'),
(9, 'Liên Hệ', 'lien-he', 1, '2022-07-06 07:25:42', '2022-07-06 07:25:42');

-- --------------------------------------------------------

--
-- Table structure for table `category_items`
--

CREATE TABLE `category_items` (
  `id` bigint(20) UNSIGNED NOT NULL,
  `title` varchar(255) COLLATE utf8mb4_unicode_ci NOT NULL,
  `slug` varchar(255) COLLATE utf8mb4_unicode_ci NOT NULL,
  `category_id` bigint(20) UNSIGNED NOT NULL,
  `description` text COLLATE utf8mb4_unicode_ci NOT NULL,
  `image` varchar(255) COLLATE utf8mb4_unicode_ci NOT NULL,
  `status` tinyint(1) NOT NULL,
  `created_at` timestamp NULL DEFAULT NULL,
  `updated_at` timestamp NULL DEFAULT NULL
) ENGINE=InnoDB DEFAULT CHARSET=utf8mb4 COLLATE=utf8mb4_unicode_ci;

--
-- Dumping data for table `category_items`
--

INSERT INTO `category_items` (`id`, `title`, `slug`, `category_id`, `description`, `image`, `status`, `created_at`, `updated_at`) VALUES
(1, 'Du Lịch Hà Nội', 'du-lich-ha-noi', 1, '<p>Du lịch Hà Nội.&nbsp;Hành trình khám phá thủ đô <strong>Hà Nộ</strong>i nơi lưu giữ biết bao tinh hoa của dân tộc, lưu dấu nhiều di tích như <strong>Hồ Gươm</strong>,&nbsp;<strong>Chùa Quán Sứ</strong>, <strong>Hồ Tây</strong>, <strong>36 phố phường</strong>. Hà Nội&nbsp; còn được biết đến bởi những món ăn nổi tiếng của người Hà Thành: <strong>phở, chả cá Lã Vọng, bánh tôm Hồ Tây</strong></p>', 'category_item/FUWQQ7073bN4UCFN5Hjro7BGlvRFNF9DqInXrfv0.jpg', 1, '2022-07-06 07:58:58', '2022-07-10 07:08:23'),
(2, 'Du Lịch Sapa', 'du-lich-sapa', 1, '<p>Du lịch Sapa.&nbsp;Thị trấn trong mây-<strong>Sapa</strong> ẩn chứa bao điều kỳ diệu của thiên nhiên với địa hình của núi đồi, màu xanh của rừng tạo nên một vùng có nhiều cảnh sắc thơ mộng. Núi non hùng vĩ cùng trải nghiệm độc đáo với cuộc sống của đồng bào dân tộc thiểu số luôn&nbsp;hấp dẫn khách du lịch khi đến với <strong>Sapa.</strong></p>', 'category_item/5zhIyipotQT7BckUAarpA983oZ3Ux9aCJs7LDK2C.jpg', 1, '2022-07-06 08:00:49', '2022-07-10 07:09:06'),
(3, 'Du Lịch Hạ Long', 'du-lich-ha-long', 1, '<p>Du lịch Đà Nẵng.&nbsp;Thành phố&nbsp; Đà Nẵng&nbsp;là một trong những điểm du lịch nghỉ dưỡng lý tưởng cho du khách với nhiều danh thắng tuyệt đẹp làm say lòng người như Ngũ Hành Sơn, Bà Nà, bán đảo Sơn Trà, đèo Hải Vân, sông Hàn thơ mộng và biển Mỹ Khê đẹp nhất hành tinh</p>', 'category_item/9CclJxIQ3zZ85DQ4JD8LVzDYv9iTs3Lu2g52rWnD.jpg', 1, '2022-07-06 08:00:55', '2022-07-10 07:13:59'),
(4, 'Du Lịch Đà Nẵng', 'du-lich-da-nang', 3, '<p>Du lịch Đà Nẵng.&nbsp;Thành phố&nbsp; Đà Nẵng&nbsp;là một trong những điểm du lịch nghỉ dưỡng lý tưởng cho du khách với nhiều danh thắng tuyệt đẹp làm say lòng người như Ngũ Hành Sơn, Bà Nà, bán đảo Sơn Trà, đèo Hải Vân, sông Hàn thơ mộng và biển Mỹ Khê đẹp nhất hành tinh</p>', 'category_item/THM3xP0igvqM8Ec7oYhRpKFMkWK8A30UMdDVsSGJ.jpg', 1, '2022-07-06 08:01:06', '2022-07-10 07:15:22'),
(5, 'Du Lịch Đà Lạt', 'du-lich-da-lat', 3, '<p>Du lịch Đà Lạt.&nbsp;Đà Lạt mộng mơ luôn là điểm du lịch thu hút nhiều du khách bởi khí hậu và quang cảnh thiên tuyệt vời. Du khách có thể ngắm nhìn <strong>Hồ Tuyền Lâm</strong>, thăm dinh <strong>Bảo Đại</strong>, <strong>Thiền Viện Trúc Lâm,...</strong>&nbsp;Vườn hoa đua nhau khoe sắc,những chuyến xe ngựa chạy quanh&nbsp;Hồ Xuân Hương cũng là những nét duyên</p>', 'category_item/AKW1octisII1TZAAYWK1t1A0nASV5TjkpeAdviTM.jpg', 1, '2022-07-06 08:01:13', '2022-07-10 07:14:56'),
(6, 'Du Lịch Côn Đảo', 'du-lich-con-dao', 4, '<p>Du lịch Côn Đảo.&nbsp;Ngày nay Côn Đảo được biết đến như địa điểm du lịch biển đảo hấp dẫn du khách trong và ngoài nước. &nbsp;Những bãi biển trong vắt cùng bờ cát trắng mịn làm say mê biêt bao khách dụ lịch khi đặt chân tới Côn Đảo</p>', 'category_item/V4uPLppwyBf2TWqwoMjWtiG6iAwa7Lq429a8bHFK.jpg', 1, '2022-07-06 08:01:25', '2022-07-10 07:17:37'),
(7, 'Du Lịch Phú Quốc', 'du-lich-phu-quoc', 4, '<p>Du lịch Phú Quốc.&nbsp;Phú Quốc là điểm đến dành cho du khách yêu thích hình thức du lịch nghỉ&nbsp;dưỡng và khám phá sinh thái tuyệt vời. Hành trình đến với thiên nhiên và chiêm ngưỡng Mũi Ông Đội, Đá Chào - thế giới san hô và cá biển sặc sỡ, biển Bãi Sao cát trắng mịn, dáng cong, nước xanh ngọc bích.&nbsp;</p>', 'category_item/R6HZ00960iNapqG2fSv28IzYr7GFMzIxShEJPRFD.jpg', 1, '2022-07-06 08:01:33', '2022-07-10 07:16:56'),
(8, 'Du Lịch Hàn Quốc', 'du-lich-han-quoc', 5, '<p>Tour <strong>Hàn Quốc</strong>.&nbsp;<strong>Xứ sở kim chi</strong> - <strong>l</strong>à điểm đến du lịch được nhiều du khách yêu thích với cảnh đẹp và văn hóa tuyệt vời. Du khách có sẽ tham quan nhiều địa danh như: <strong>Blue House&nbsp;</strong>,<strong>đảo Nami&nbsp;</strong>nổi tiếng với bộ phim truyền hình “Bản Tình Ca Mùa Đông”, <strong>đảo ngọc tình yêu Jeju</strong> - nơi dành cho các đôi uyên ương.</p>', 'category_item/vkaROZ1fvoNkpEfzc4bTmGjNJ2RZZitq79EaCLJj.jpg', 1, '2022-07-06 08:01:45', '2022-07-10 07:18:20'),
(9, 'Du Lịch Nhật Bản', 'du-lich-nhat-ban', 5, '<p>Du lịch Nhật Bản. Khám phá một <strong>Tokyo</strong> hiện đại nhưng vẫn cảm nhận từng cung bậc cảm xúc khi dạo bước bên ngôi cổ tự<strong> Asakusa</strong>, <strong>Hoàng cung</strong> và <strong>núi Phú Sĩ </strong>hùng vĩ. Hành trình khám phá cảnh sắc từ <strong>Tokyo</strong> đến <strong>Kyoto</strong>, kết nối <strong>Osaka</strong> với đền đài, chùa thiêng đẫm không khí thiền tịnh và các công trình xuyên biển vĩ đại tại <strong>Kobe.</strong></p>', 'category_item/GdMRaSHm1ynCFj9F2mPRrcOYQeDXtKOUmNeTOzRq.jpg', 1, '2022-07-06 08:01:51', '2022-07-10 07:18:59'),
(10, 'Du Lịch Anh', 'du-lich-anh', 6, '<p>Du lịch <strong>Anh Quốc</strong> - xứ sở sương mù - nơi du khách có thể chiêm ngưỡng thế giới cung điện, lâu đài và cảnh sắc thiên nhiên kỳ thú. Đến tham quan thủ đô <strong>London</strong>,&nbsp; <strong>Stratford-upon-Avon</strong> quê hương của nhà văn vĩ đại Shakespeare, <strong>Oxford </strong>với các trường đại học danh tiếng, và bãi đá cổ <strong>Stonehenge</strong> hơn 3.000 năm</p>', 'category_item/lQFPfdcevuJf81O65mCmbnBjFdhqRfvbDXV2NW4o.jpg', 1, '2022-07-06 08:02:01', '2022-07-10 07:20:14'),
(11, 'Du Lịch SCOTLAND', 'du-lich-scotland', 6, '<p>Du lịch Scotland - vùng đất cổ tích của những người đàn ông mặc váy len Kilt thổi kèn độc đáo. Khám phá thủ đô cổ kính nhưng vô cùng náo nhiệt của Scotland - Edinburgh là một trong những thành phố đẹp nhất Châu Âu với những lâu đài nguy nga.</p>', 'category_item/Y2XOROiEx5yehdEY9Mk2ERyzKfIqiRNMZxEMpEPL.jpg', 1, '2022-07-06 08:02:06', '2022-07-10 07:21:15'),
(12, 'Du Lịch Canada', 'du-lich-canada', 7, '<p>Du lịch Canada.&nbsp;<strong>Canada</strong> đất nước lá phong với bao cảnh đẹp hấp dẫn.&nbsp;Trải nghiệm một Canada năng động và hiện đại vào bậc nhất thế giới với thành phố đa văn hóa, sắc tộc, thanh bình. Chiêm ngưỡng vẻ đẹp của thác <strong>Niagara</strong>, thác <strong>Montmorency</strong>, <strong>Thousand Island</strong> cùng với công viên <strong>Stanley</strong>,...</p>', 'category_item/quYuT4c61JpC5EXCCD7LRheFIEXVSPwlCw69Db60.jpg', 1, '2022-07-06 08:02:15', '2022-07-10 07:22:15'),
(13, 'Du Lịch Mỹ', 'du-lich-my', 7, '<p>Du lịch Mỹ.&nbsp;Chuyến hành trình đến với nước Mỹ đầy sắc màu với những thành phố chứa đựng vô vàn thú vị: Las Vegas - “thành phố không bóng tối”, Los Angeles - “thành phố của các thiên thần”.&nbsp;Cùng Lữ hành Saigontourist&nbsp;đến Hoa Kỳ khám phá nền văn minh hiện đại nhất thế giới.</p>', 'category_item/EO7Hs6RRkJZJioRagq7miy7UVAA3kt2XWRged1zd.jpg', 1, '2022-07-06 08:02:21', '2022-07-10 07:22:54');

-- --------------------------------------------------------

--
-- Table structure for table `category_lists`
--

CREATE TABLE `category_lists` (
  `id` bigint(20) UNSIGNED NOT NULL,
  `title` varchar(255) COLLATE utf8mb4_unicode_ci NOT NULL,
  `slug` varchar(255) COLLATE utf8mb4_unicode_ci NOT NULL,
  `category_id` bigint(20) UNSIGNED NOT NULL,
  `status` tinyint(1) NOT NULL,
  `created_at` timestamp NULL DEFAULT NULL,
  `updated_at` timestamp NULL DEFAULT NULL
) ENGINE=InnoDB DEFAULT CHARSET=utf8mb4 COLLATE=utf8mb4_unicode_ci;

--
-- Dumping data for table `category_lists`
--

INSERT INTO `category_lists` (`id`, `title`, `slug`, `category_id`, `status`, `created_at`, `updated_at`) VALUES
(1, 'Du Lịch Miền Bắc', 'du-lich-mien-bac', 6, 1, '2022-07-06 07:39:48', '2022-07-06 07:50:33'),
(3, 'Du Lịch Miền Trung', 'du-lich-mien-trung', 6, 1, '2022-07-06 07:40:12', '2022-07-06 07:40:12'),
(4, 'Du Lịch Miền Nam', 'du-lich-mien-nam', 6, 1, '2022-07-06 07:40:20', '2022-07-06 07:40:20'),
(5, 'Du Lịch Châu Á', 'du-lich-chau-a', 7, 1, '2022-07-06 07:40:32', '2022-07-06 07:40:32'),
(6, 'Du Lịch Châu Âu', 'du-lich-chau-au', 7, 1, '2022-07-06 07:40:42', '2022-07-06 07:40:42'),
(7, 'Du Lịch Châu Mỹ', 'du-lich-chau-my', 7, 1, '2022-07-06 07:40:50', '2022-07-06 07:40:50');

-- --------------------------------------------------------

--
-- Table structure for table `checkouts`
--

CREATE TABLE `checkouts` (
  `id` bigint(20) UNSIGNED NOT NULL,
  `tour_code` varchar(255) COLLATE utf8mb4_unicode_ci DEFAULT NULL,
  `number_adult` varchar(255) COLLATE utf8mb4_unicode_ci NOT NULL,
  `number_children` varchar(255) COLLATE utf8mb4_unicode_ci DEFAULT NULL,
  `number_baby` varchar(255) COLLATE utf8mb4_unicode_ci DEFAULT NULL,
  `name` varchar(255) COLLATE utf8mb4_unicode_ci NOT NULL,
  `phoneNumber` varchar(255) COLLATE utf8mb4_unicode_ci NOT NULL,
  `email` varchar(255) COLLATE utf8mb4_unicode_ci NOT NULL,
  `payment_methods` varchar(255) COLLATE utf8mb4_unicode_ci NOT NULL,
  `total` int(11) NOT NULL,
  `created_at` timestamp NULL DEFAULT NULL,
  `updated_at` timestamp NULL DEFAULT NULL
) ENGINE=InnoDB DEFAULT CHARSET=utf8mb4 COLLATE=utf8mb4_unicode_ci;

--
-- Dumping data for table `checkouts`
--

INSERT INTO `checkouts` (`id`, `tour_code`, `number_adult`, `number_children`, `number_baby`, `name`, `phoneNumber`, `email`, `payment_methods`, `total`, `created_at`, `updated_at`) VALUES
(9, 'STN-2022-6473', '1', NULL, NULL, 'Nguyễn Văn An', '0966093801', 'nva030801@gmail.com', '1', 9979000, '2022-07-10 02:15:24', '2022-07-10 02:15:24'),
(10, 'STN-2022-9019', '2', '1', '1', 'Nguyễn Văn An', '0966093801', 'nva030801@gmail.com', '1', 30564000, '2022-07-10 02:18:32', '2022-07-10 02:18:32'),
(11, 'STN-2022-9019', '2', '1', '1', 'Nguyễn Văn An', '0966093801', 'nva030801@gmail.com', '0', 30564000, '2022-07-10 02:19:06', '2022-07-10 02:19:06'),
(12, 'STN-2022-6473', '3', NULL, NULL, 'Nguyễn Văn An', '0966093801', 'nva030801@gmail.com', '0', 29937000, '2022-07-10 19:16:38', '2022-07-10 19:16:38'),
(17, 'STN-2022-2675', '1', NULL, NULL, 'Nguyễn Văn An', '0966093801', 'nva030801@gmail.com', '1', 14900000, '2022-07-11 06:44:16', '2022-07-11 06:44:16'),
(18, 'STN-2022-2675', '1', NULL, NULL, 'Nguyễn Văn An', '0966093801', 'nva030801@gmail.com', '1', 14900000, '2022-07-11 06:49:02', '2022-07-11 06:49:02'),
(19, 'STN-2022-9019', '2', NULL, NULL, 'Nguyễn Văn An', '0966093801', 'nva030801@gmail.com', '1', 19958000, '2022-07-11 06:49:47', '2022-07-11 06:49:47'),
(20, 'STN-2022-9019', '1', '1', '1', 'Nguyễn Văn An', '0966093801', 'nva030801@gmail.com', '0', 20585000, '2022-07-11 08:31:24', '2022-07-11 08:31:24');

-- --------------------------------------------------------

--
-- Table structure for table `failed_jobs`
--

CREATE TABLE `failed_jobs` (
  `id` bigint(20) UNSIGNED NOT NULL,
  `uuid` varchar(255) COLLATE utf8mb4_unicode_ci NOT NULL,
  `connection` text COLLATE utf8mb4_unicode_ci NOT NULL,
  `queue` text COLLATE utf8mb4_unicode_ci NOT NULL,
  `payload` longtext COLLATE utf8mb4_unicode_ci NOT NULL,
  `exception` longtext COLLATE utf8mb4_unicode_ci NOT NULL,
  `failed_at` timestamp NOT NULL DEFAULT current_timestamp()
) ENGINE=InnoDB DEFAULT CHARSET=utf8mb4 COLLATE=utf8mb4_unicode_ci;

-- --------------------------------------------------------

--
-- Table structure for table `migrations`
--

CREATE TABLE `migrations` (
  `id` int(10) UNSIGNED NOT NULL,
  `migration` varchar(255) COLLATE utf8mb4_unicode_ci NOT NULL,
  `batch` int(11) NOT NULL
) ENGINE=InnoDB DEFAULT CHARSET=utf8mb4 COLLATE=utf8mb4_unicode_ci;

--
-- Dumping data for table `migrations`
--

INSERT INTO `migrations` (`id`, `migration`, `batch`) VALUES
(1, '2014_10_12_000000_create_users_table', 1),
(2, '2014_10_12_100000_create_password_resets_table', 1),
(3, '2019_08_19_000000_create_failed_jobs_table', 1),
(4, '2019_12_14_000001_create_personal_access_tokens_table', 1),
(5, '2022_07_06_134419_create_categories_table', 1),
(6, '2022_07_06_142705_create_category_lists_table', 2),
(7, '2022_07_06_145122_create_category_items_table', 3),
(8, '2022_07_06_172122_create_products_table', 4),
(9, '2022_07_07_032322_create_products_table', 5),
(10, '2022_07_07_035854_create_addresses_table', 6),
(11, '2022_07_08_094718_create_product_images_table', 6),
(12, '2022_07_08_101236_create_product_images_table', 7),
(13, '2022_07_09_031229_create_tour_codes_table', 8),
(14, '2022_07_10_062149_create_checkouts_table', 9),
(15, '2022_07_11_034441_create_news_table', 10);

-- --------------------------------------------------------

--
-- Table structure for table `news`
--

CREATE TABLE `news` (
  `id` bigint(20) UNSIGNED NOT NULL,
  `title` varchar(255) COLLATE utf8mb4_unicode_ci NOT NULL,
  `slug` varchar(255) COLLATE utf8mb4_unicode_ci NOT NULL,
  `image` varchar(255) COLLATE utf8mb4_unicode_ci NOT NULL,
  `description` text COLLATE utf8mb4_unicode_ci NOT NULL,
  `content` text COLLATE utf8mb4_unicode_ci NOT NULL,
  `status` tinyint(1) NOT NULL,
  `created_at` timestamp NULL DEFAULT NULL,
  `updated_at` timestamp NULL DEFAULT NULL
) ENGINE=InnoDB DEFAULT CHARSET=utf8mb4 COLLATE=utf8mb4_unicode_ci;

--
-- Dumping data for table `news`
--

INSERT INTO `news` (`id`, `title`, `slug`, `image`, `description`, `content`, `status`, `created_at`, `updated_at`) VALUES
(1, '6 bãi biển đẹp nhất Phú Quốc ', '6-bai-bien-dep-nhat-phu-quoc', 'news/KwGr2QXRIz95QE4RYuYg5wbg6oiNtaM5Zl6yTKqw.jpg', '<p><i>Phú Quốc sở hữu những đường bờ biển dài bất tận, có thể kể đến bãi Sao, bãi Dài, đồng thời vẫn còn rất nhiều bãi biển hoang sơ khác đẹp tựa thiên đường mang đến cảm giác yên bình, dễ chịu. Phú Quốc thực sự là điểm đến để gia đình bạn tận hưởng một kỳ nghỉ hè thật thú vị.</i></p>', '<h2><strong>1. BÃI SAO</strong></h2><p><a href=\"https://media.vietravel.com/images/NewsPicture/bai-sao.jpg\"><img src=\"https://media.vietravel.com/images/NewsPicture/bai-sao.jpg\" alt=\"1. Bãi Sao\"><img src=\"https://www.vietravel.com/content/img/icon_zoom.png\" alt=\"Slideshow\"></a></p><p>Là một trong những bãi biển đẹp nhất Phú Quốc, Bãi Sao với dáng cong thoai thoải tựa như vầng trăng. Cát biển ở đây không mang màu vàng như biển <a href=\"https://travel.com.vn/du-lich-nha-trang.aspx\">Nha Trang</a>, hay vàng đậm ngả sang nâu như biển Vũng Tàu, mà là màu trắng tinh và mịn như kem,… Bãi Sao nằm gọn trong vòng tay trìu mến của hai dải núi mang đến không gian yên tĩnh. (Ảnh: Evgeny Drablenkov/Shutterstock)<br>&nbsp;</p><h2><strong>2. BÃI DÀI</strong></h2><p><a href=\"https://media.vietravel.com/images/NewsPicture/bai-dai.jpg\"><img src=\"https://media.vietravel.com/images/NewsPicture/bai-dai.jpg\" alt=\"2. Bãi Dài\"><img src=\"https://www.vietravel.com/content/img/icon_zoom.png\" alt=\"Slideshow\"></a></p><p>Nằm ở phía Tây Bắc của hòn đảo, Bãi Dài là nhân tố không thể thiếu khi nhắc đến Phú Quốc bởi vẻ đẹp hoang sơ. Bãi Dài đứng đầu trong top 13 bãi biển đẹp nhất thế giới. Nơi đây là thiên đường nắng vàng, biển xanh và những hàng dương xanh đung đưa trong gió. (Ảnh: DreamArchitect/Shutterstock)<br>&nbsp;</p><h2><strong>3. BÃI TRƯỜNG</strong></h2><p><a href=\"https://media.vietravel.com/images/NewsPicture/bai-truong.jpg\"><img src=\"https://media.vietravel.com/images/NewsPicture/bai-truong.jpg\" alt=\"3. Bãi Trường\"><img src=\"https://www.vietravel.com/content/img/icon_zoom.png\" alt=\"Slideshow\"></a></p><p>Gọi là bãi Trường vì bãi nằm trải dài gần 20 km từ Dinh Cậu đến Khoé Tàu Rũ. Bãi Trường chia thành nhiều đoạn nhỏ, nối liền nhau bởi những ghềnh đá, cây xanh và làng chài thấp thoáng ẩn hiện. Đây là một trong những bãi biển đẹp nằm trên đường Trần Hưng Đạo chạy dọc theo bãi biển phía Tây nam đảo. (Ảnh: DreamArchitect/Shutterstock)<br>&nbsp;</p><h2><strong>4. BÃI KHEM</strong></h2><p><a href=\"https://media.vietravel.com/images/NewsPicture/bai-khem.jpg\"><img src=\"https://media.vietravel.com/images/NewsPicture/bai-khem.jpg\" alt=\"4. Bãi Khem\"><img src=\"https://www.vietravel.com/content/img/icon_zoom.png\" alt=\"Slideshow\"></a></p><p>Nằm phía Nam đảo Phú Quốc, cách cảng An Thới 5km, bãi Khem còn được gọi là bãi Kem. Ngoài việc sở hữu bờ cát dài trắng mịn như bột, bãi Khem luôn gây ấn tượng bởi hình dáng cánh cung, nằm tĩnh lặng và bình yên giữa hai rừng cây xanh thẫm. (Ảnh: Jindowin/Shutterstock)<br>&nbsp;</p><h2><strong>5. BÃI GÀNH DẦU</strong></h2><p><a href=\"https://media.vietravel.com/images/NewsPicture/rach-vem.jpg\"><img src=\"https://media.vietravel.com/images/NewsPicture/rach-vem.jpg\" alt=\"5. Bãi Gành Dầu\"><img src=\"https://www.vietravel.com/content/img/icon_zoom.png\" alt=\"Slideshow\"></a></p><p>Tọa lạc ở phía Bắc Đảo, Gành Dầusở hữu vẻ đẹp nguyên sơ, bình dị và một không gian yên tĩnh, nhẹ nhàng, là một điểm đến vô cùng hấp dẫn cho những du khách đang tìm kiếm nơi nghỉ dưỡng lý tưởng để thư giãn và xả strees. Ngắm sao biển cũng là trải nghiệm hấp dẫn dành cho du khách khi có dịp đến Gành Dầu. (Ảnh: Anna Ewa Bieniek/Shutterstock)<br>&nbsp;</p><h2><strong>6. BÃI VŨNG BẦU</strong></h2><p><a href=\"https://media.vietravel.com/images/NewsPicture/vung-bau.jpg\"><img src=\"https://media.vietravel.com/images/NewsPicture/vung-bau.jpg\" alt=\"6.   Bãi Vũng Bầu\"><img src=\"https://www.vietravel.com/content/img/icon_zoom.png\" alt=\"Slideshow\"></a></p><p>Tọa lạc phía Tây Bắc của đảo, dường như bãi Vũng Bầu nằm ẩn mình giữa bãi Ông Lang và bãi Dài. Bãi biển này sạch sẽ, có dạng hình trăng khuyết và khá vắng vẻ, rất thích hợp cho các hoạt động như bơi lội, lặn biển và chèo thuyền kayak. (Ảnh: DreamArchitect/Shutterstock)</p>', 1, '2022-07-11 04:40:47', '2022-07-11 04:40:47');

-- --------------------------------------------------------

--
-- Table structure for table `password_resets`
--

CREATE TABLE `password_resets` (
  `email` varchar(255) COLLATE utf8mb4_unicode_ci NOT NULL,
  `token` varchar(255) COLLATE utf8mb4_unicode_ci NOT NULL,
  `created_at` timestamp NULL DEFAULT NULL
) ENGINE=InnoDB DEFAULT CHARSET=utf8mb4 COLLATE=utf8mb4_unicode_ci;

-- --------------------------------------------------------

--
-- Table structure for table `personal_access_tokens`
--

CREATE TABLE `personal_access_tokens` (
  `id` bigint(20) UNSIGNED NOT NULL,
  `tokenable_type` varchar(255) COLLATE utf8mb4_unicode_ci NOT NULL,
  `tokenable_id` bigint(20) UNSIGNED NOT NULL,
  `name` varchar(255) COLLATE utf8mb4_unicode_ci NOT NULL,
  `token` varchar(64) COLLATE utf8mb4_unicode_ci NOT NULL,
  `abilities` text COLLATE utf8mb4_unicode_ci DEFAULT NULL,
  `last_used_at` timestamp NULL DEFAULT NULL,
  `created_at` timestamp NULL DEFAULT NULL,
  `updated_at` timestamp NULL DEFAULT NULL
) ENGINE=InnoDB DEFAULT CHARSET=utf8mb4 COLLATE=utf8mb4_unicode_ci;

-- --------------------------------------------------------

--
-- Table structure for table `products`
--

CREATE TABLE `products` (
  `id` bigint(20) UNSIGNED NOT NULL,
  `category_id` varchar(255) COLLATE utf8mb4_unicode_ci NOT NULL,
  `title` varchar(255) COLLATE utf8mb4_unicode_ci NOT NULL,
  `slug` varchar(255) COLLATE utf8mb4_unicode_ci NOT NULL,
  `description` text COLLATE utf8mb4_unicode_ci NOT NULL,
  `image` varchar(255) COLLATE utf8mb4_unicode_ci NOT NULL,
  `time` varchar(255) COLLATE utf8mb4_unicode_ci NOT NULL,
  `vehicle` varchar(255) COLLATE utf8mb4_unicode_ci NOT NULL,
  `starting_point` varchar(255) COLLATE utf8mb4_unicode_ci NOT NULL,
  `destination` varchar(255) COLLATE utf8mb4_unicode_ci NOT NULL,
  `tour` text COLLATE utf8mb4_unicode_ci NOT NULL,
  `tour_policy` text COLLATE utf8mb4_unicode_ci NOT NULL,
  `status` tinyint(1) NOT NULL,
  `price` int(11) DEFAULT NULL,
  `created_at` timestamp NULL DEFAULT NULL,
  `updated_at` timestamp NULL DEFAULT NULL
) ENGINE=InnoDB DEFAULT CHARSET=utf8mb4 COLLATE=utf8mb4_unicode_ci;

--
-- Dumping data for table `products`
--

INSERT INTO `products` (`id`, `category_id`, `title`, `slug`, `description`, `image`, `time`, `vehicle`, `starting_point`, `destination`, `tour`, `tour_policy`, `status`, `price`, `created_at`, `updated_at`) VALUES
(8, '1', 'DU LỊCH HÀ NỘI - TAM CHÚC - NINH BÌNH - HẠ LONG - SAPA', 'du-lich-ha-noi-tam-chuc-ninh-binh-ha-long-sapa', '<p>- Khởi hành (thứ 7): 25/6; 9, 23/7; 6/8/2022&nbsp;</p><p>- Viếng Điện Ngọc – ngắm toàn cảnh chùa Tam Chúc yên bình bên hồ Lục Nhạc giữa thung lũng núi đá vôi trầm mặc - Tham quan KDL Tràng An - có cảnh quan ngoạn mục với hệ thống sông, suối chảy tràn trong các thung lũng, các hang xuyên thủy động&nbsp;</p><p>- Du ngoạn vịnh Hạ Long - một trong 7 kỳ quan thiên nhiên mới của thế giới</p>', 'product/E3Vu8vt3rboinWf9rD11uZwPTP5IMhHejNsueWsu.jpg', '6 ngày 5 đêm', 'Hàng không Vietnam Airlines', 'TP. Hồ Chí Minh', 'Hà Nội - Hạ Long - Sapa - Ninh Bình', '<p><strong>Khởi hành</strong> <strong>(thứ 7):&nbsp; 25/6; 9, 23/7; 6/8/2022</strong></p><p><strong>NGÀY&nbsp;01: TP. HCM - HÀ NỘI - NINH BÌNH (Ăn trưa, chiều)</strong><br>Buổi sáng, quý khách tập trung tại <strong>Cổng D1 - Ga đi trong nước - SB.Tân Sơn Nhất</strong>. Hướng dẫn viên&nbsp;Lữ hành Saigontourist đón quý khách và hỗ trợ làm thủ tục. Khởi hành ra Hà Nội (chuyến bay <strong>VN242</strong> lúc <strong>7h30</strong>). Đáp xuống sân bay Nội Bài, xe đưa đoàn theo đường cao tốc đến Hà Nam, tham quan quần thể du lịch tâm linh <strong>Chùa Tam Chúc -</strong> nơi được kì vọng sẽ trở thành quần thể du lịch tâm linh lớn nhất thế giới khi hoàn thành năm 2048. Đoàn dâng hương tại các <strong>Điện thờ</strong> và leo núi đến viếng <strong>Điện Ngọc</strong> – ngắm toàn cảnh chùa Tam Chúc yên bình bên <strong>hồ Lục Nhạc </strong>giữa thung lũng núi đá vôi trầm mặc ... Buổi tối, đoàn tự do khám phá <strong>phố cổ Hoa Lư</strong>, ngắm <strong>tháp Chùa Bạc</strong> lung linh ánh đèn soi bóng bên <strong>hồ Kỳ Lân</strong>. Nghỉ đêm tại Ninh Bình.</p><p><img src=\"https://saigontourist.net/uploads/destination/TrongNuoc/HaNam/HaNam-ChuaTamChuc_1831633093.jpg\" alt=\"\"><strong>Chùa Tam Chúc</strong></p><p><strong>NGÀY&nbsp;02</strong>: <strong>NINH BÌNH - HẠ LONG (Ăn sáng, trưa, chiều)</strong><br>Buổi sáng, đoàn tham quan <strong>KDL Tràng An </strong>- có cảnh quan ngoạn mục với hệ thống sông, suối chảy tràn trong các thung lũng, các hang xuyên thủy động, các dãy núi đá vôi trùng điệp. KDL nằm trong quần thể danh thắng Tràng An đã được UNESCO công nhận di sản hỗn hợp đầu tiên của Việt Nam và khu vực ĐNÁ (đạt cả hai tiêu chí về văn hóa và thiên nhiên). Khởi hành đi Hải Phòng, tiếp tục theo tuyến đường cao tốc đến thành phố biển Hạ Long. Buổi chiều, xe đưa dạo quanh <strong>tuyến đường mới ven biển Hạ Long</strong> - ngắm nhìn khu đô thị với những công trình hiện đại: <strong>Cung quy hoạch - hội chợ - triển lãm, Bảo tàng Quảng Ninh</strong>, ... Nghỉ đêm tại Hạ Long.</p><p><img src=\"https://saigontourist.net/uploads/destination/TrongNuoc/Ninhbinh/Trang-An-Ninh-Binh-Vietnam_333452378.jpg\" alt=\"\"><strong>Khu du lịch&nbsp;Tràng An</strong></p><p><strong>NGÀY&nbsp;03</strong>: <strong>HẠ LONG - HÀ NỘI &nbsp;(Ăn sáng, trưa, chiều)</strong><br>Buổi sáng, quý khách lên thuyền du ngoạn <strong>vịnh Hạ Long </strong>- một trong 7 kỳ quan thiên nhiên mới của thế giới, chiêm ngưỡng <strong>động Thiên Cung</strong>, <strong>các hòn Đỉnh Hương - Trống Mái (Gà Chọi)- Chó Đá.</strong> Khởi hành về Hà Nội, tham quan <strong>làng gốm, bảo tàng gốm Bát Tràng</strong>. Buổi tối, đoàn tự do dạo quanh <strong>hồ Hoàn Kiếm, </strong>tham quan <strong>“36 phố phường”</strong>- khu phố cổ với những ngành nghề đặc trưng và truyền thống của cư dân Thủ đô. Nghỉ đêm tại Hà Nội.</p><p><img src=\"https://saigontourist.net/uploads/destination/TrongNuoc/Halong/Ha%20Long%20bay_561711448.jpg\" alt=\"\"><strong>Vịnh Hạ Long</strong></p><p><strong>NGÀY&nbsp;04</strong>: <strong>HÀ NỘI - SAPA&nbsp;(Ăn sáng, trưa, chiều)</strong><br>Buổi sáng, đoàn tham quan <strong>hồ Tây, </strong>viếng<strong> chùa Trấn Quốc</strong>. Khởi hành đi Sapa. Buổi chiều, đoàn tự do ngắm <strong>nhà thờ đá</strong>, dạo<strong> chợ Sapa</strong>... Nghỉ đêm tại Sapa.&nbsp; &nbsp;<br>Lựa chọn (tự túc chi phí di chuyển &amp; tham quan)­: Quý khách đến trải nghiệm hệ thống <strong>cầu kính Rồng Mây</strong>, thưởng ngoạn toàn cảnh thiên nhiên hùng vỹ của Ô Quy Hồ - một trong “tứ đại danh đèo” ở miền núi phía Bắc.&nbsp;&nbsp; &nbsp;</p><p><img src=\"https://saigontourist.net/uploads/destination/TrongNuoc/Hanoi/West-Lake_391667017.jpg\" alt=\"\"><strong>Hồ Tây</strong></p><p><strong>NGÀY&nbsp;05</strong>: <strong>SAPA - FANSIPAN (Ăn sáng, trưa, chiều)</strong><br>Buổi sáng, đoàn đến <strong>Nhà ga cáp treo Fansipan</strong>, quý khách tự do <strong>tham quan khu vực vườn hoa, chợ phiên</strong>...<br>Lựa chọn (tự túc chi phí tham quan) : Trải nghiệm hệ thống cáp treo 3 dây hiện đại với cảm giác đi giữa biển mây<strong>. Viếng khu tâm linh Fanpsian,</strong> vượt gần 600 bậc thang, <strong>chinh phục “Nóc nhà Đông Dương” - đỉnh Fansipan 3,143m</strong>.<br>Buổi chiều, đoàn tham quan <strong>bản Cát Cát</strong>. Nghỉ đêm tại Sapa.&nbsp; &nbsp;&nbsp;&nbsp;</p><p><img src=\"https://saigontourist.net/uploads/destination/TrongNuoc/mienbac/Cat-Cat-village.jpg\" alt=\"\"><strong>Bản Cát Cát</strong></p><p><strong>NGÀY&nbsp;06</strong>: <strong>SAPA- ĐỀN HÙNG - NỘI BÀI - TP.HCM&nbsp;(Ăn sáng, trưa)</strong><br>Đoàn tham quan <strong>cột mốc biên giới</strong> và <strong>cửa khẩu quốc tế Lào Cai</strong>. Khởi hành về Phú Thọ, đoàn viếng <strong>KDT Đền Hùng</strong> - thăm<strong> đền Hạ,</strong> <strong>đền Trung, đền Thượng, lăng Vua Hùng. </strong>Xe đưa đoàn ra SB Nội Bài, về TP. Hồ Chí Minh (chuyến bay <strong>VN219</strong> lúc <strong>19h</strong>). Kết thúc chương trình .</p><p><img src=\"https://saigontourist.net/uploads/destination/TrongNuoc/mienbac/Lao-cai/Vietnam-International-borders-in-Lao-Cai_475710487.jpg\" alt=\"\"><strong>Cửa khẩu quốc tế Lào Cai</strong></p><p><strong>Ghi chú</strong>:<br><i><strong>- &nbsp;Tuân thủ 5K. Áp dụng quy định TIÊM CHỦNG &amp; KẾT QUẢ TEST COVID&nbsp; theo quy định hiện hành của từng địa phương.</strong></i><br><i><strong>- Trường hợp trong đoàn có phát sinh ca nghi nhiễm hoặc nhiễm covid 19, quý khách có trách nhiệm phối hợp với Saigontourist và chính quyền địa phương để thực hiện các biện pháp cách ly hoặc điều trị theo quy định.</strong></i><br><i><strong>- Các chi phí phát sinh trong quá trình cách ly điều trị, sẽ không nằm trong chi phí tour, quý khách tự túc chi phí phát sinh</strong></i><br><i>- Điểm tham quan có thể sắp xếp lại cho phù hợp mà vẫn bảo đảm đầy đủ nội dung của từng chương trình.</i><br><i>- Giờ bay có thể bị thay đổi bởi hãng hàng không</i></p>', '<p><strong>* Vé trẻ em</strong><br>-&nbsp;Trẻ em dưới 2 tuổi:&nbsp;<strong>thu</strong>&nbsp;<strong>330.000đ/ trẻ.&nbsp;</strong>Gia đình tự lo cho bé ăn ngủ<br>-&nbsp;Trẻ em từ 2 đến dưới 6 tuổi:&nbsp;<strong>mua 90% VMB người lớn</strong>. Gia đình tự lo cho bé ăn ngủ và tự trả phí tham quan (nếu có).<br>-&nbsp;Hai người lớn chỉ được kèm một trẻ em dưới 6 tuổi. Từ trẻ thứ 2 trở lên, mỗi em phải đóng&nbsp;<strong>bằng giá trẻ em từ 6-11 tuổi</strong><br>-&nbsp;Trẻ em từ 6 - 11 tuổi: tiêu chuẩn gồm VMB, ăn uống và tham quan theo chương trình, ngủ chung giường với phụ huynh<br>-&nbsp;Trẻ em trên 11 tuổi: áp dụng giá và các tiêu chuẩn dịch vụ như người lớn</p><p><strong>* Giá tour bao gồm:&nbsp;&nbsp;</strong><br><strong>-&nbsp;Vé máy bay khứ hồi</strong><br>-&nbsp;Chi phí xe máy lạnh phục vụ theo chương trình.<br>-&nbsp;Chi phí khách sạn 3 sao theo&nbsp;tiêu chuẩn 2-3 khách/phòng.&nbsp;&nbsp;Lẻ khách ngủ giường phụ hoặc&nbsp;<strong>chịu phí phụ thu phòng đơn : + 1.900.000 đ/ khách/ tour.</strong><br>-&nbsp;Chi phí ăn – uống theo chương trình.<br>-&nbsp;Chi phí tham quan và tàu thuyền.<br>-&nbsp;Chi phí Hướng dẫn viên tiếng Việt.<br><strong>-&nbsp;Quà tặng: Nón, nước suối, khăn lạnh, viết</strong></p><p><strong>* Giá tour không bao gồm:&nbsp;&nbsp;</strong><br>- Chi phí tham quan - ăn uống ngoài chương trình, giặt ủi, điện thoại và các chi phí cá nhân khác.<br>- Vé cáp treo tham quan đỉnh Fansipan<br><i><strong>Lưu ý</strong></i>: Hạn chế tham gia với những khách có tiền sử bệnh cao huyết áp, tim mạch, sợ độ cao; người cao tuổi; trẻ em<br>-<strong>&nbsp;Chi&nbsp;</strong>p<strong>hí phụ thu phòng đơn : + 1.900.000 đ/ khách/ tour.</strong></p><p><strong>THÔNG TIN HƯỚNG DẪN</strong><br><strong>* Quy định vé máy bay: Đây là chương trình hợp tác với hãng hàng không Vietnam Airlines nên có một số lưu ý:</strong><br>-&nbsp;Giá vé máy bay không bao gồm&nbsp;suất ăn/uống trên máy bay<br>-&nbsp;Không được hoàn hoặc hủy vé máy bay. Nếu hủy, vui lòng chịu phạt 100% chi phí vé máy bay<br>-&nbsp;Khi đăng ký vé máy bay, quý khách cung cấp họ và tên, ngày tháng năm sinh (đúng từng ký tự ghi trong hộ chiếu hoặc Chứng Minh Nhân Dân)<br>-&nbsp;Không được thay đổi thông tin đặt chỗ: họ tên hành khách, chuyến bay, ngày bay, chặng bay, tách đoàn, gia hạn vé<br><strong>-&nbsp;Số lượng khách tối thiểu để tổ chức tour: 10 khách/đoàn</strong><br><strong>-&nbsp;Du khách được miễn cước 1 KIỆN (23 kg) hành lý ký gởi và 1 KIỆN (10kg) hành lý xách tay</strong><br>-&nbsp;Trường hợp hủy tour do sự cố khách quan như thiên tai, dịch bệnh hoặc do máy bay hoãn - hủy chuyến, Lữ hành Saigontourist sẽ không chịu trách nhiệm bồi thường thêm bất kỳ chi phí nào khác ngoài việc hoàn trả chi phí những dịch vụ chưa được sử dụng của tour đó (ngoại trừ chi phí vé máy bay)</p><p><strong>* Trường hợp hủy vé landtour, quý khách vui lòng thanh toán các khoản sau:</strong><br>-&nbsp;Quý khách chuyển đổi tour sang ngày khác và báo trước ngày khởi hành trước 15 ngày sẽ không chịu phí (không áp dụng các tour KS 4-5 sao), nếu trễ hơn sẽ căn cứ theo qui định hủy phạt phía dưới và chỉ được chuyển ngày khởi hành tour 1 lần.<br>-&nbsp;Hủy vé trong vòng 24 giờ hoặc ngay ngày khởi hành, chịu phạt 100% tiền tour.<br>-&nbsp;Hủy vé trước ngày khởi hành từ 2 - 7 ngày, chịu phạt 80% tiền tour.<br>-&nbsp;Hủy vé trước ngày khởi hành từ 8 - 14 ngày, chịu phạt 50% tiền tour.<br>-&nbsp;Hủy vé trước ngày khởi hành từ 15 ngày trở lên, chịu phạt 30% tiền tour.<br>-&nbsp;Sau khi hủy tour, du khách vui lòng đến nhận tiền trong vòng 15 ngày kể từ ngày kết thúc tour. Chúng tôi chỉ thanh toán trong khỏang thời gian nói trên.</p><p><strong>* Hành lý và giấy tờ tùy thân:&nbsp;&nbsp;</strong><br>-&nbsp;Du khách mang theo giấy Chứng Minh Nhân Dân (còn thời hạn 15 năm) hoặc Hộ chiếu (còn thời hạn sử dụng). Đối với du khách là Việt kiều, Quốc tế nhập cảnh Việt Nam bằng visa rời, vui lòng mang theo visa khi đăng ký và khi đi tour.<br>-&nbsp;Khách lớn tuổi (từ 70 tuổi trở lên), khách tàn tật tham gia tour, phải có thân nhân đi kèm và cam kết đảm bảo đủ sức khỏe khi tham gia tour du lịch.<br>-&nbsp;Trẻ em dưới 14 tuổi khi đi tour phải mang theo giấy khai sinh hoặc hộ chiếu. Trẻ em từ 14 tuổi trở lên phải mang theo giấy Chứng Minh Nhân Dân.<br>-&nbsp;Tất cả giấy tờ tùy thân mang theo đều phải bản chính<br>-&nbsp;Du khách mang theo hành lý gọn nhẹ và phải tự bảo quản hành lý, tiền bạc, tư trang trong suốt thời gian đi du lịch.<br>-&nbsp;Khách Việt Nam ở cùng phòng với khách Quốc tế&nbsp; hoặc Việt kiều yêu cầu phải có giấy hôn thú.<br><strong>-&nbsp;Quý khách có mặt tại sân bay trước 3 tiếng so với giờ khởi hành.</strong></p><p><strong>* Ghi chú khác:</strong><br>-&nbsp;Công ty xuất hóa đơn cho du khách có nhu cầu (Trong thời hạn 7 ngày sau khi kết thúc chương trình du lịch). Du khách được chọn một trong những chương trình khuyến mãi dành cho khách lẻ định kỳ (Nếu có).<br><strong>-&nbsp;Quý khách có mặt tại điểm đón trước 15 phút. Trong trường hợp đến trễ khi xe đã khởi hành; Không làm thủ tục đúng giờ (khi hãng hàng không đã đóng quầy, kết thúc chấp nhận hành khách); Không lên máy bay trước giờ đóng cửa lên máy bay, hoặc hủy tour không báo trước vui lòng chịu phí như ‘hủy vé ngay ngày khởi hành’</strong></p>', 1, NULL, '2022-07-08 01:31:55', '2022-07-08 01:31:55'),
(9, '1', 'DU LỊCH HÀ NỘI - SAPA - FANSIPAN - LÀO CAI - HẠ LONG', 'du-lich-ha-noi-sapa-fansipan-lao-cai-ha-long', '<p>- Khởi hành (thứ 4): 29/6; 6, 13, 20, 27/7 ; 3, 10/8/2022&nbsp;</p><p>- Chiêm ngưỡng động Thiên Cung, các hòn Đỉnh Hương - Trống Mái (Gà Chọi)- Chó Đá.&nbsp;</p><p>- Dạo quanh hồ Hoàn Kiếm, tham quan “36 phố phường”- khu phố cổ với những ngành nghề đặc trưng và truyền thống của cư dân Thủ đô&nbsp;</p><p>- Tham quan bản Cát Cát.</p>', 'product/lHJmTpEzXSMn3o5yOUfWzJFShbQjr9FRuRIF2hT5.jpg', '5 ngày 4 đêm', 'Hàng không Vietnam Airlines', 'TP. Hồ Chí Minh', 'Hà Nội - Hạ Long - Sapa', '<p><i><strong>Khởi hành</strong></i> <i><strong>(thứ 4):&nbsp; 29/6; 6, 13, 20, 27/7 ; 3, 10/8/2022</strong></i></p><p><strong>NGÀY&nbsp;01: TP. HCM - HÀ NỘI - HẠ LONG&nbsp;&nbsp;(Ăn trưa, chiều)</strong><br>Buổi sáng, quý khách tập trung tại <strong>Cổng D1 - Ga đi trong nước - SB.Tân Sơn Nhất</strong>. HDV Lữ hành Saigontourist đón quý khách và hỗ trợ làm thủ tục. Khởi hành ra Hà Nội (chuyến bay <strong>VN206</strong> lúc 6<strong>h</strong>). Đáp xuống sân bay Nội Bài, xe đưa đoàn theo đường cao tốc đến thành phố biển Hạ Long. Quý khách lên thuyền du ngoạn <strong>vịnh Hạ Long </strong>- một trong 7 kỳ quan thiên nhiên mới của thế giới, chiêm ngưỡng <strong>động Thiên Cung</strong>, <strong>các hòn Đỉnh Hương - Trống Mái (Gà Chọi)- Chó Đá.</strong> Nghỉ đêm tại Hạ Long.<br>Lựa chọn (tự túc chi phí di chuyển &amp; tham quan)<br><strong>-&nbsp;Suối khoáng nóng Yoko Onsen Quang Hanh</strong> - trải nghiệm nét văn hóa đặc trưng, độc đáo của Nhật Bản giữa khung cảnh thiên nhiên thoáng đãng, núi non chập chùng, ...<br>-&nbsp;Tham quan <strong>Quần thể Du lịch - Giải trí Sun World Hạ Long Park,</strong> gồm 2 khu công viên vui chơi ven biển Bãi Cháy và&nbsp; trên núi Ba Đèo - được kết nối với nhau bởi hệ thống <strong>cáp treo vượt biển Nữ Hoàng </strong>đạt 2 kỷ lục thế giới (cabin có sức chứa lớn nhất thế giới và cáp treo có trụ cáp cao nhất thế giới so với mặt đất). Trải nghiệm trò chơi mạo hiểm,&nbsp; <strong>Vòng quay Mặt Trời</strong> - một trong những vòng quay cao nhất thế giới,...</p><p><img src=\"https://saigontourist.net/uploads/destination/TrongNuoc/Halong/Ha-Long-Bay-Vietnam_78891328.jpg\" alt=\"\"><strong>Vịnh Hạ Long</strong></p><p><strong>NGÀY&nbsp;02</strong>: <strong>HẠ LONG - HÀ NỘI </strong>(<strong>Ăn sáng, trưa, chiều)</strong><br>Buổi sáng, xe đưa dạo quanh <strong>tuyến đường mới ven biển Hạ Long</strong> - ngắm nhìn khu đô thị với những công trình hiện đại: <strong>Cung quy hoạch - hội chợ - triển lãm, </strong>tham quan<strong> Bảo tàng Quảng Ninh</strong>, ... Khởi hành về Hà Nội, tham quan <strong>Hoàng Thành Thăng Long</strong>. Buổi tối, đoàn tự do dạo quanh <strong>hồ Hoàn Kiếm, </strong>tham quan <strong>“36 phố phường”</strong>- khu phố cổ với những ngành nghề đặc trưng và truyền thống của cư dân Thủ đô. Nghỉ đêm tại Hà Nội.</p><p><img src=\"https://saigontourist.net/uploads/destination/TrongNuoc/Halong/Quang-Ninh-Museum_433854709.jpg\" alt=\"\"><strong>Bảo tàng Quảng Ninh</strong></p><p><strong>NGÀY&nbsp;03</strong>: <strong>HÀ NỘI - SAPA&nbsp;(Ăn sáng, trưa, chiều)</strong><br>Buổi sáng, xe đưa đoàn qua “đường Cổ Ngư xưa”, ngắm cảnh <strong>hồ Tây,</strong> viếng <strong>chùa Trấn Quốc</strong>. Khởi hành đi Sapa. Buổi chiều, đoàn tự do ngắm <strong>nhà thờ đá</strong>, dạo<strong> chợ Sapa</strong>... Nghỉ đêm tại Sapa.&nbsp; &nbsp;<br>Lựa chọn (tự túc chi phí di chuyển &amp; tham quan)­: Quý khách đến trải nghiệm hệ thống <strong>cầu kính Rồng Mây</strong>, thưởng ngoạn toàn cảnh thiên nhiên hùng vỹ của Ô Quy Hồ - một trong “tứ đại danh đèo” ở miền núi phía Bắc.&nbsp;&nbsp; &nbsp;</p><p><img src=\"https://saigontourist.net/uploads/destination/TrongNuoc/Hanoi/West-Lake_391667017.jpg\" alt=\"\"><strong>Hồ Tây</strong></p><p><strong>NGÀY&nbsp;04</strong>: <strong>SAPA - FANSIPAN - LÀO CAI</strong>&nbsp;<strong>&nbsp;(Ăn sáng, trưa, chiều)</strong><br>Buổi sáng, xe đưa đoàn đến Nhà ga cáp treo Fansipan, quý khách tự do tham quan khu vực vườn hoa, chợ phiên...<br><strong>Lựa chọn (tự túc chi phí tham quan) :</strong> Trải nghiệm hệ thống cáp treo 3 dây hiện đại với cảm giác đi giữa biển mây. <strong>Viếng khu tâm linh Fanpsian, vượt gần 600 bậc thang, chinh phục “Nóc nhà Đông Dương” - đỉnh Fansipan 3,143m.</strong><br>Buổi chiều, đoàn tham quan bản <strong>Cát Cát.</strong> Xe đưa đoàn về Lào Cai. Nghỉ đêm tại Lào Cai.&nbsp;</p><p><img src=\"https://saigontourist.net/uploads/destination/TrongNuoc/mienbac/Cable-Car-at-Fansipan_1073428271.jpg\" alt=\"\"><strong>Cáp treo Fansipan</strong></p><p><strong>Ngày&nbsp;05</strong>: <strong>LÀO CAI - NỘI BÀI - TP.HCM&nbsp; (Ăn sáng, trưa)</strong><br>Đoàn tham quan <strong>cột mốc biên giới</strong> và <strong>cửa khẩu quốc tế Lào Cai, </strong>viếng <strong>đền Thượng</strong>. Xe đưa đoàn ra SB Nội Bài, về TP. Hồ Chí Minh (chuyến bay <strong>VN265</strong> lúc <strong>18h30</strong>). Kết thúc chương trình .</p><p><img src=\"https://saigontourist.net/uploads/destination/TrongNuoc/mienbac/Lao-cai/Vietnam-International-borders-in-Lao-Cai_654848203.jpg\" alt=\"\"><br><strong>Cửa khẩu quốc tế Lào Cai</strong></p><p><i><strong>Ghi chú</strong>:</i><br><i><strong>- &nbsp;Tuân thủ 5K. Áp dụng quy định TIÊM CHỦNG &amp; KẾT QUẢ TEST COVID&nbsp; theo quy định hiện hành của từng địa phương.</strong></i><br><i><strong>- Trường hợp trong đoàn có phát sinh ca nghi nhiễm hoặc nhiễm covid 19, quý khách có trách nhiệm phối hợp với Saigontourist và chính quyền địa phương để thực hiện các biện pháp cách ly hoặc điều trị theo quy định.</strong></i><br><i><strong>- Các chi phí phát sinh trong quá trình cách ly điều trị, sẽ không nằm trong chi phí tour, quý khách tự túc chi phí phát sinh</strong></i><br><i>- Điểm tham quan có thể sắp xếp lại cho phù hợp mà vẫn bảo đảm đầy đủ nội dung của từng chương trình.</i><br><i>- Giờ bay có thể bị thay đổi bởi hãng hàng không</i></p>', '<p><strong>* Vé trẻ em:&nbsp;</strong><br><strong>-&nbsp;</strong>Trẻ em dưới 2 tuổi:&nbsp;<strong>thu 330.000đ/ trẻ</strong>. Gia đình tự lo cho bé ăn ngủ.&nbsp;<br>- Trẻ em từ 2 đến dưới 6 tuổi: mua 90% vé máy bay&nbsp;người lớn. Gia đình tự lo cho bé ăn ngủ và tự trả phí tham quan (nếu có).<br>- Hai người lớn chỉ được kèm một trẻ em dưới 6 tuổi. Từ trẻ thứ 2 trở lên, mỗi em phải đóng bằng giá trẻ em từ 6-11 tuổi<br>- Trẻ em từ 6 - 11 tuổi: tiêu chuẩn gồm vé máy bay, ăn uống và tham quan theo chương trình, ngủ chung giường với phụ huynh.<br>- Trẻ em trên 11 tuổi: áp dụng giá và các tiêu chuẩn dịch vụ như người lớn.</p><p><strong>* Giá tour bao gồm:&nbsp;</strong>&nbsp;<br>- Vé máy bay khứ hồi của Vietnam Airlines.&nbsp;<br>- Chi phí xe máy lạnh phục vụ theo chương trình.<br>- Chi phí<strong>&nbsp;khách sạn 3 sao&nbsp;</strong>theo tiêu chuẩn 2 khách/phòng. Lẻ khách ngủ giường phụ hoặc chịu chi phí phụ thu phòng đơn:&nbsp;<strong>+1.600.000 đ/ khách/ tour.</strong>&nbsp;<br>- Chi phí ăn – uống theo chương trình.<br>- Chi phí tham quan và tàu thuyền.<br>- Chi phí Hướng dẫn viên tiếng Việt.<br><strong>* Quà tặng:</strong>&nbsp;Nón, nước suối, khăn lạnh,&nbsp;</p><p><strong>* Giá tour không bao gồm:&nbsp; </strong>&nbsp;<br>- Chi phí tham quan - ăn uống ngoài chương trình, giặt ủi, điện thoại và các chi phí cá nhân khác.<br>- Chi phí phụ thu phòng đơn:&nbsp;<strong>+1.600.000 đ/ khách/ tour.</strong>&nbsp;<br>-&nbsp;Vé cáp treo tham quan đỉnh Fansipan<br><i><strong>Lưu ý</strong></i>: Hạn chế tham gia với những khách có tiền sử bệnh cao huyết áp, tim mạch, sợ độ cao; người cao tuổi; trẻ em</p><p><strong>THÔNG TIN HƯỚNG DẪN</strong><br><strong>* Quy định vé máy bay:</strong>&nbsp;Đây là chương trình hợp tác với&nbsp;<strong>hãng hàng không Vietnam Airlines</strong>&nbsp;nên có một số lưu ý:<br>- Giá vé máy bay không bao gồm&nbsp;suất ăn/uống trên máy bay.<br><strong>- Không được hoàn hoặc hủy vé máy bay. Nếu hủy, vui lòng chịu phạt 100% chi phí vé máy bay.</strong><br><strong>-&nbsp;</strong>Khi đăng ký vé máy bay, quý khách cung cấp họ và tên, ngày tháng năm sinh (đúng từng ký tự ghi trong hộ chiếu hoặc Chứng Minh Nhân Dân).<br><strong>- Không được thay đổi thông tin đặt chỗ: họ tên hành khách, chuyến bay, ngày bay, chặng bay, tách đoàn, gia hạn vé.&nbsp;</strong><br><strong>-&nbsp;</strong>Số lượng khách tối thiểu để tổ chức tour:<strong>&nbsp;10 khách/đoàn.&nbsp;</strong><br><strong>-&nbsp;Du khách được miễn cước 1 KIỆN (23&nbsp;kg)&nbsp;hành lý ký gởi và&nbsp;1 KIỆN (10kg) hành lý xách tay</strong><br><strong>-&nbsp;</strong>Trường hợp hủy tour do sự cố khách quan như thiên tai, dịch bệnh hoặc do máy bay hoãn - hủy chuyến, Lữ hành Saigontourist sẽ không chịu trách nhiệm bồi thường thêm bất kỳ chi phí nào khác ngoài việc hoàn trả chi phí những dịch vụ chưa được sử dụng của tour đó (ngoại trừ chi phí vé máy bay)<br><strong>* Trường hợp hủy vé landtour, quý khách vui lòng thanh toán các khoản sau:</strong><br>-&nbsp;Quý khách chuyển đổi tour sang ngày khác và báo trước ngày khởi hành trước 15 ngày sẽ không chịu phí (không áp dụng các tour KS 4-5 sao), nếu trễ hơn sẽ căn cứ theo qui định hủy phạt phía dưới và chỉ được chuyển ngày khởi hành tour 1 lần.<br>-&nbsp;Hủy vé trong vòng 24 giờ hoặc ngay ngày khởi hành, chịu phạt 100% tiền tour.<br>-&nbsp;Hủy vé trước ngày khởi hành từ 2 - 7 ngày, chịu phạt 80% tiền tour.<br>-&nbsp;Hủy vé trước ngày khởi hành từ 8 - 14 ngày, chịu phạt 50% tiền tour.<br>-&nbsp;Hủy vé trước ngày khởi hành từ 15 ngày trở lên, chịu phạt 30% tiền tour.<br>-&nbsp;Sau khi hủy tour, du khách vui lòng đến nhận tiền trong vòng 15 ngày kể từ ngày kết thúc tour. Chúng tôi chỉ thanh toán trong khỏang thời gian nói trên.<br><strong>* Hành lý và giấy tờ tùy thân:&nbsp; </strong>&nbsp;<br>- Du khách mang theo giấy Chứng Minh Nhân Dân (còn thời hạn 15 năm) hoặc Hộ chiếu (còn thời hạn sử dụng). Đối với du khách là Việt kiều, Quốc tế nhập cảnh Việt Nam bằng visa rời, vui lòng mang theo visa khi đăng ký và khi đi tour.<br>- Khách lớn tuổi (từ 70 tuổi trở lên), khách tàn tật tham gia tour, phải có thân nhân đi kèm và cam kết đảm bảo đủ sức khỏe khi tham gia tour du lịch.<br><strong>- Trẻ em dưới 14 tuổi khi đi tour phải mang theo giấy khai sinh hoặc hộ chiếu. Trẻ em từ 14 tuổi trở lên phải mang theo giấy Chứng Minh Nhân Dân</strong>.<br><strong>- Tất cả giấy tờ tùy thân mang theo đều phải bản chính.&nbsp;</strong><br>- Du khách mang theo hành lý gọn nhẹ và phải tự bảo quản hành lý, tiền bạc, tư trang trong suốt thời gian đi du lịch. Du khách được&nbsp;<strong>miễn cước 1 KIỆN hành lý ký gởi (23kg) và 1 KIỆN hành lý xách tay (10kg).</strong>&nbsp;<br>- Khách Việt Nam ở cùng phòng với khách Quốc tế&nbsp; hoặc Việt kiều yêu cầu phải có giấy hôn thú.<br><strong>- Quý khách có mặt tại sân bay trước 3 tiếng so với giờ khởi hành</strong>.<br><br><strong>* Ghi chú khác:</strong>&nbsp;<br>- Công ty xuất hóa đơn cho du khách có nhu cầu (Trong thời hạn 7 ngày sau khi kết thúc chương trình du lịch). Du khách được chọn một trong những chương trình khuyến mãi dành cho khách lẻ định kỳ (Nếu có).<br><strong>- Quý khách có mặt tại điểm đón trước 15 phút</strong>. Trong trường hợp đến trễ khi xe đã khởi hành; Không làm thủ tục đúng giờ (khi hãng hàng không đã đóng quầy, kết thúc chấp nhận hành khách); Không lên máy bay trước giờ đóng cửa lên máy bay, hoặc hủy tour không báo trước vui lòng chịu phí như ‘hủy vé ngay ngày khởi hành’</p>', 1, NULL, '2022-07-08 03:17:37', '2022-07-08 03:17:37'),
(10, '3', 'DU LỊCH HẠ LONG - VỊNH LAN HẠ', 'du-lich-ha-long-vinh-lan-ha', '<p>- Khám phá Vịnh Hạ Long bằng du thuyền Heritage tham quan đảo Cát Bà&nbsp;</p><p>- Thăm đảo Đá Chồng, Vịnh Gia Luân&nbsp;</p><p>- Thăm bãi tắm Ba Trái Đào - Vịnh Lan Hạ, biên giới biển giữa hai thành phố Hạ Long và Hải Phòng</p>', 'product/4uosu1A3mde9GMU6laM47DC5WqIoXTuqMuOzh75z.jpg', '2 ngày 1 đêm', 'Ô tô, du thuyền', 'Hà Nội', 'Hạ Long', '<p><strong>NGÀY 01:</strong>&nbsp;<strong>HÀ NỘI -&nbsp;HẢI PHÒNG -&nbsp;VỊNH HẠ LONG -&nbsp;VỊNH&nbsp;LAN HẠ/ QUẦN ĐẢO CÁT BÀ ( Ăn trưa, ăn tối)</strong><br><strong>08h00:</strong>: Đón khách tại khu vực phố cổ di chuyển xuống thành phố Cảng Hải Phòng.<br><strong>12h30:</strong>&nbsp;Quý khách sẽ lên xuồng cao tốc để di chuyển ra <strong>Du thuyền Heritage</strong> tham quan đảo Cát Bà. Thuyền trưởng sẽ đón tiếp quý khách cùng vòng hoa chào mừng. Sau đó quý khách sẽ được nghe hướng dẫn an toàn trên tàu trước khi nhận phòng. Quý khách dùng bữa trưa tại nhà hàng Indochine trên du thuyền. Du thuyền sẽ đi qua <strong>đảo Đá Chồng</strong> nơi có ngọn hải đăng được người pháp xây dựng từ hơn một thế kỷ trước. Sau khi ăn trưa xong, thuyền sẽ thả neo tại <strong>Vịnh Gia Luân</strong> nơi có những mỏm đá vôi được hình thành và nổi lên từ mặt biển. Khu vực này khá yên bình do không có nhiều tàu thuyền di truyển qua tuyến đường này.<br><strong>15h30:</strong>&nbsp;Du thuyền sẽ tiếp cận bãi tắm <strong>Ba Trái Đào -&nbsp;Vịnh Lan Hạ</strong>, nơi đây được coi&nbsp; như biên giới biển giữa hai thành phố Hạ Long và Hải Phòng. Vùng biển này có rất nhiều hang núi xen lẫn với hơn 400 hòn đảo lớn nhỏ tự nhiên. Tại dây du khách có thể trèo thuyền Kayak hoặc bơi tại khu vực nước sạch của vịnh.<br><strong>17h30:</strong>&nbsp;Quay trở lại tàu, du khách tự do nghỉ ngơi trên không gian chung của tàu hoặc ngắm hoàng hôn trên vịnh.<br><strong>18h30:</strong>&nbsp;Quý khách có thể thưởng thức trà chiều hoặc tham gia lớp học nấu ăn trên tàu.<br><strong>19h30:</strong>&nbsp;Quý khách thưởng thức ẩm thực&nbsp;địa phương với không gian nhà hàng sang trọng và lãng mạn.<br><strong>21h30:</strong>&nbsp;Tận hưởng khung cảnh ban đêm trên quầy bar hoặc trên boong tàu.</p><p><strong>NGÀY 02: VỊNH LAN HẠ - HÀ NỘI ( Ăn sáng, ăn trưa, ăn tối)</strong><br><strong>06h15:</strong>&nbsp;Quý khách ngắm cảnh bình minh trên vịnh và thực hành bộ môn Vovinam ngay trên boong tàu.<br><strong>06h45:</strong>&nbsp;Quý khách thưởng thức bữa sáng tại nhà hàng&nbsp; L’Indochine.<br><strong>07h15:</strong>&nbsp;Quý khách tiếp tục hành trình tham quan <strong>hang Sáng, hang Tối</strong>&nbsp;bằng thuyền nan.<br><strong>09h30:</strong>&nbsp;Quý khách quay trở lại du thuyền Heritage trả phòng<br><strong>10h00:</strong>&nbsp;Quý khách ăn bữa sáng muộn trong lúc chờ tàu về điểm xuất phát<br><strong>11h00:</strong>&nbsp;Thuyền cập bến Phà Gót và kết thúc chương trình tham quan.&nbsp;Xe đưa quý khách về Hà Nội.</p>', '<p><strong>GIÁ TOUR TRỌN GÓI: Từ 3.250.000 VNĐ/ KHÁCH</strong></p><p><strong>* Giá tour bao gồm:&nbsp;&nbsp;</strong><br>-&nbsp;Phòng nghỉ cao cấp có ban công riêng, view đại dương trên du thuyền 5 sao Heritage Cruise.<br>-&nbsp;Trải nghiệm 04 bữa ăn trong 2 nhà hàng mang phong cách Bắc Bộ Le Tonkin và Đông Dương<br>-&nbsp;Trải nghiệm lớp học nấu ăn, bài tập vovinam, nghe nhạc và xem phim<br>-&nbsp;Khu vực spa, phòng tập gym, thư viện, hầm rượu, pool bar, phòng giải trí Sông Hồng và khu thư giãn ngoài trời và nhiều khu vực check in sang chảnh<br>-&nbsp;Vé thăm quan và các hoạt động trong chương trình: Kayak, đi thuyền nan, thăm hang, tắm biển, câu mực<br>-&nbsp;Bể bơi 4 mùa duy nhất trên vịnh Lan Hạ và Ha Long<br>-&nbsp;Không gian mỹ thuật, tranh ảnh những năm 30s. Câu chuyện về con tàu di sản và doanh nhân vua tàu thủy Việt Nam thời 1.0, cụ Bạch Thái Bưởi<br>-&nbsp;Miễn phí không giới hạn cho khách hàng nữ một loại đồ uống signature của Heritage cho chương trình LADIES’ NIGHT đối với các booking trong tuần.<br>-&nbsp;Miễn phí xe cho các khách từ 55 tuổi trở lên đối với các booking trong tuần.</p><p><strong>* GIá&nbsp;tour không bao gồm:</strong><br>-&nbsp;Phụ thu cuối tuần : 500.000 VNĐ/khách.<br>-&nbsp;Chi phí xe đón tiễn 2 chiều : 550.000 VNĐ/ khách<br>-&nbsp;Chi phí giặt là, điện thoại trên du thuyền và các chi phí cá nhân khác</p><p><strong>* Giá vé dành cho trẻ em:</strong><br>-&nbsp;Trẻ em dưới 5 tuổi : Miễn phí<br>-&nbsp;Trẻ em từ 5 – 10 tuổi : 75% của 1 người lớn<br>-&nbsp;Trẻ em từ 10 tuổi trở lên : bằng giá tour người lớn</p><p><strong>LƯU Ý GIÁ TOUR KHUYẾN MẠI CHÀO HÈ, QUÝ KHÁCH THỰC HIỆN :</strong><br><strong>-&nbsp;</strong>Giá tour áp dụng đến hết Tháng 2 - 2021<br>-&nbsp;Đặt cọc tối thiểu 50% dịch vụ ngay khi đăng ký tour &amp; thanh toán đủ 100% dịch vụ trong vòng 24h kể từ lúc đăng ký dịch vụ<br>-&nbsp;Không được hủy - hoãn dịch vụ sau khi đã đăng ký tour<br>-&nbsp;Số lượng khách tối thiểu để tổ chức tour: 10 khách/đoàn.<br><strong>TRONG TRƯỜNG HỢP KHÔNG GHÉP ĐỦ KHÁCH KHỞI HÀNH ĐOÀN, </strong>lữ hành&nbsp;Saigontourist sẽ cùng đàm phán để chuyển Quý khách sang ngày khởi hành kế tiếp hoặc hoàn lại chi phí tour đã Thanh toán / đặt cọc.</p>', 1, NULL, '2022-07-11 05:56:21', '2022-07-11 05:56:21'),
(11, '4', 'DU LỊCH HÈ 2022 - ĐÀ NẴNG - HỘI AN - BÀ NÀ - HÀNG KHÔNG VIETJET', 'du-lich-he-2022-da-nang-hoi-an-ba-na-hang-khong-vietjet', '<p>- Chiêm ngưỡng vẻ đẹp lung linh từ những biểu tượng mới cho sự phát triển hưng thịnh của TP. Đà Nẵng như: Cầu Rồng và Cầu Trần Thị Lý</p><p>- Trải nghiệm lên đỉnh Bà Nà bằng hệ thống cáp treo đạt 2 kỷ lục Guinness, ngắm toàn cảnh núi non hùng vỹ và tận hưởng khí hậu trong lành, tươi mát&nbsp;</p><p>- Tham quan Phố Cổ Hội An với các công trình tiêu biểu: Chùa Cầu Nhật Bản , chùa Ông, hội quán Phúc Kiến</p>', 'product/3LTsyW0YvQUWAF31JgYfnk4PovEU41LaGlFaUO4J.jpg', '3 ngày 2 đêm', 'Hàng không Vietjet', 'Cần Thơ', 'Hội An - Đà Nẵng', '<p><strong>Khởi hành 08/07; 15/07- 3&nbsp;ngày - Giá trọn gói:&nbsp;4.890.000đ/khách </strong>(đã bao gồm vé máy bay)&nbsp;<br>Liên hệ tư vấn đặt tour:&nbsp;<strong>0937 689 535</strong><br><strong>“GIẢM&nbsp;100.000 Đ/KHÁCH DÀNH CHO NHÓM THANH TOÁN TỪ 6 NGƯỜI LỚN TRỞ LÊN”</strong><br><strong>“TẶNG BUFFET BÀ NÀ CHO KHÁCH ĐĂNG KÝ MUA CÁP TREO BÀ NÀ HILLS”</strong></p><p><strong>Ngày 01: CẦN THƠ – ĐÀ NẴNG (Ăn trưa, tối)</strong><br>07h00 Hướng dẫn viên Lữ hành Saigontourist đón khách tại sân bay Cần Thơ, làm thủ tục cho đoàn bay đi Đà Nẵng. Chuyến bay <strong>Vietjet Air 09h10 – 10h40.&nbsp;</strong>Xe đón khách tại sân bay Đà Nẵng, đưa đoàn đến tham quan, chụp ảnh tại <strong>Cầu Tình Yêu – Tượng cá chép hóa rồng.&nbsp;</strong>Chiều Đoàn khởi hành đi Hội An, trên đường đi tham quan <strong>Ngũ Hành Sơn </strong>- một tuyệt tác về cảnh quan thiên nhiên “sơn kỳ thủy tú”, thắng cảnh nổi tiếng với những hang động huyền bí và các ngôi cổ tự linh thiêng. Sau đó, Quý khách đến tham quan <strong>Phố Cổ Hội An</strong>. Đoàn dạo bộ tham quan Phố cổ với các công trình tiêu biểu: <strong>Chùa Cầu Nhật Bản</strong> – biểu trưng của Phố Cổ, <strong>chùa Ông, hội quán Phúc Kiến</strong>. Đoàn khởi hành về Đà Nẵng nhận phòng nghỉ ngơi. <strong>Nghỉ đêm tại Đà Nẵng.</strong></p><p><strong><img src=\"https://saigontourist.net/uploads/destination/TrongNuoc/Hue/HoiAn/Japanese-Covered-Bridge_789002866.jpg\" alt=\"\"></strong></p><p><strong>Chùa Cầu Nhật Bản</strong></p><p><strong>Ngày 02: KHÁM PHÁ BÀ NÀ HILLS – TẮM BIỂN MỸ KHÊ (Ăn sáng, tối)&nbsp;</strong><br>Khởi hành về tham quan khu du lịch <strong>Bà Nà - Núi Chúa</strong> theo tuyến đường du lịch Nguyễn Tất Thành - tuyến đường ven biển đẹp nhất Miền Trung, ngắm <strong>cầu treo Thuận Phước</strong> - cây cầu dây võng dài nhất Việt Nam. Lên đỉnh Bà Nà bằng hệ thống cáp treo đạt 2 kỷ lục Guinness, ngắm toàn cảnh núi non hùng vỹ và tận hưởng khí hậu trong lành, tươi mát. Đến Bà Nà quý khách tham quan chùa Linh Ứng, khám phá khu vui chơi - giải trí trong nhà mang đẳng cấp quốc tế Fantasy Park - nơi có rất nhiều trò chơi từ vui nhộn đến cảm giác mạnh, phù hợp mọi lứa tuổi. <strong>(Chi phí cáp treo tự túc).&nbsp;Đoàn dùng buffet trưa tại Bà Nà (Áp dụng cho nhóm khách đăng ký tham quan Bà Nà Hills). Chiều Quý khách tự do tắm biển Mỹ Khê</strong>. Buổi tối Quý khách tự do dạo phố, ngắm nhìn vẻ đẹp lung linh từ những biểu tượng mới cho sự phát triển hưng thịnh của TP. Đà Nẵng: Cầu Rồng - một trong những con rồng thép lớn nhất thế giới và Cầu Trần Thị Lý - với kiến trúc hiện đại, độc đáo và tinh tế, tựa hình dáng con thuyền căng buồm vươn ra biển lớn. <strong>Nghỉ đêm tại Đà Nẵng.</strong></p><p><strong><img src=\"https://saigontourist.net/uploads/destination/TrongNuoc/DaNang/Ba-Na-Hills_678242599.jpg\" alt=\"\"></strong></p><p><strong>Bà Nà Hills</strong></p><p><strong>Ngày 03: ĐÀ NẴNG – CẦN THƠ (Ăn sáng)&nbsp;</strong><br>Khởi hành <strong>tham quan bán đảo Sơn Trà</strong> và <strong>cảng Tiên Sa</strong>, viếng <strong>chùa Linh Ứng Bãi Bụt</strong> – một trong những ngôi chùa lớn nhất ở thành phố Đà Nẵng, chiêm bái tượng Phật Quan Thế Âm cao nhất Việt Nam. Xe và hướng dẫn viên Lữ hành Saigontourist đưa khách ra sân bay Đà Nẵng, làm thủ tục bay về Cần Thơ chuyến bay <strong>Vietjet Air 11h15 – 12h30.&nbsp;</strong>Đến sân bay Cần Thơ. Kết thúc chương trình. Quý khách tự túc phương tiện từ sân bay về lại Tư gia.</p><p><strong>*Điểm tham quan có thể sắp xếp lại cho phù hợp nhưng vẫn bảo đảm đầy đủ nội dung của chương trình.</strong></p>', '<p><strong>*Giá tour trọn gói bao gồm</strong><br>- Vé máy bay Vietjet Air khứ hồi : Cần Thơ – Đà Nẵng – Cần Thơ (07kg xách tay + 20kg hành lý ký gửi).<br>- Chi phí xe máy lạnh phục vụ theo chương trình tham quan.<br>- Chi phí <strong>02 đêm khách sạn</strong> <strong>4 sao tại Đà Nẵng theo tiêu chuẩn 2 – 3 khách/phòng.</strong><br>- Chi phí ăn – uống theo chương trình.<br>- Chi phí tham quan theo chương trình.<br>- Chi phí Hướng dẫn viên tiếng Việt tham quan tại Miền Trung.<br>- Quà tặng: Nón, nước suối, khăn lạnh.<br>- Thuế VAT.</p><p><strong>*Giá tour không bao gồm</strong><br><strong>- Chi phí cáp treo Bà Nà Hills: 850.000 đ/khách người lớn (1m4), 700.000đ/khách trẻ em (1m – dưới 1m4)</strong><br>- Chi phí khách ngủ phòng đơn.<br>- Chi phí tham quan ngoài chương trình.<br>- Chi phí điện thoại, giặt ủi, và chi phí cá nhân khác.</p><p><strong>*Giá vé trẻ em</strong><br>- Vé tour: Trẻ em từ 6 đến dưới 11 tuổi tính 50% giá vé người lớn, trẻ em từ 11 tuổi trở lên mua vé người lớn.<br>- Đối với trẻ em dưới 5 tuổi, gia đình tự lo cho bé ăn ngủ và tự trả phí tham quan (Nếu có). Hai người lớn chỉ được kèm một trẻ em. Từ trẻ thứ 2 trở lên, mỗi em cần mua một nửa vé người lớn. Tiêu chuẩn nửa vé bao gồm: Suất ăn, ghế ngồi và ngủ ghép chung với gia đình.<br>- Vé máy bay (theo quy định của hãng hàng không), trẻ em dưới 2 tuổi 10% vé máy bay người lớn, trẻ em từ 2 – dưới 12 tuổi tính 90% vé máy bay người lớn, 12 tuổi trở lên mua vé máy bay người lớn<br><strong>- Trẻ em mua ghế ngồi trên xe: Giá 950.000đ/bé</strong></p><p><strong>THÔNG TIN HƯỚNG DẪN</strong></p><p><strong>* Quy định vé máy bay:</strong><br>- Không được phép gia hạn vé máy bay.<br>- Không được phép đổi tên.<br>- Không được phép hoàn/hủy vé máy bay. Nếu hủy phải thanh toán 100% chi phí vé máy bay.<br>- Không được phép thay đổi đặt chỗ.<br>- Không được phép đổi lộ trình.</p><p><strong>* Trường hợp hủy vé tour, quý khách vui lòng thanh toán các khoản lệ phí hủy sau:</strong></p><p><strong>a) Đối với ngày thường</strong>:<br>Du khách chuyển đổi tour sang ngày khác và báo trước ngày khởi hành trước 15 ngày sẽ không chịu phí (không áp dụng các tour khách sạn 4 - 5 sao), nếu trễ hơn sẽ căn cứ theo qui định hủy phía dưới và chỉ được chuyển ngày khởi hành tour 1 lần.<br>- Hủy vé trước ngày khởi hành từ 2 ngày, chi trả 100% tiền landtour, 100% chi phí vé máy bay.<br>- Hủy vé trước ngày khởi hành từ 3 – 6 ngày, chi trả 80% tiền landtour, 100% chi phí vé máy bay.<br>- Hủy vé trước ngày khởi hành từ 7 - 14 ngày, chi trả 60% tiền landtour, 100% chi phí vé máy bay.<br>- Hủy vé trước ngày khởi hành từ 15 ngày, chi trả 50% tiền landtour, 100% chi phí vé máy bay.</p><p><strong>b) Đối với dịp Lễ, Tết</strong>:<br>Du khách chuyển đổi tour sang ngày khác và báo trước ngày khởi hành trước 30 ngày sẽ không chịu phí (không áp dụng các tour khách sạn 4 - 5 sao), nếu trễ hơn sẽ căn cứ theo qui định hủy phạt phía dưới và chỉ được chuyển ngày khởi hành tour 1 lần.<br>- Hủy vé trước ngày khởi hành từ 6 ngày, chi trả 100% tiền landtour, 100% chi phí vé máy bay.<br>- Hủy vé trước ngày khởi hành từ 7 - 14 ngày, chi trả 80% tiền landtour, 100% chi phí vé máy bay.<br>- Hủy vé trước ngày khởi hành từ 15 ngày, chi trả 60% tiền landtour, 100% chi phí vé máy bay.</p><p><strong>c)</strong>&nbsp;Sau khi hủy tour, du khách vui lòng đến nhận tiền trong vòng 15 ngày kể từ ngày kết thúc tour. Chúng tôi chỉ thanh toán trong khoảng thời gian nói trên, sau thời gian trên mọi khiếu nại, thắc mắc sẽ không được giải quyết.</p><p><strong>d)&nbsp;</strong>Trường hợp hủy tour do sự cố khách quan như thiên tai, dịch bệnh hoặc do tàu thủy, xe lửa, máy bay hoãn/hủy chuyến, Lữ hành Saigontourist sẽ không chịu trách nhiệm bồi thường thêm bất kỳ chi phí nào khác ngoài việc hoàn trả chi phí những dịch vụ chưa được sử dụng của tour đó (ngoại trừ chi phí vé máy bay)</p><p><strong>* Quy định thanh toán khi đăng ký tour:</strong><br><strong>a) Đối với ngày thường</strong>:<br>- Thời gian giữ chỗ: 36 giờ.<br>- Trong quá trình giữ chỗ, quý khách sẽ tiến hành đặt cọc: 50% tổng số tiền tour.<br>- Quý khách vui lòng thanh toán số tiền tour còn lại trước ngày khởi hành 07 ngày.</p><p><strong>b) Đối với dịp Lễ, Tết</strong>:<br>- Thời gian giữ chỗ: 36 giờ.<br>- Trong quá trình giữ chỗ, quý khách sẽ tiến hành đặt cọc: 60% tổng số tiền tour.<br>- Quý khách vui lòng thanh toán số tiền tour còn lại trước ngày khởi hành 15 ngày.</p><p><strong>* Hành lý và giấy tờ tùy thân:</strong>&nbsp;&nbsp;<br>- Du khách mang theo giấy CMND (còn hạn sử dụng trong vòng 15 năm) hoặc Hộ chiếu (còn hạn sử dụng ít nhất 6 tháng). Đối với du khách là Việt kiều, Quốc tế nhập cảnh Việt Nam bằng visa rời, vui lòng mang theo visa khi đăng ký và đi tour.<br>- Khách lớn tuổi (từ 70 tuổi trở lên), khách tàn tật tham gia tour, phải có thân nhân đi kèm và cam kết đảm bảo đủ sức khỏe khi tham gia tour du lịch.<br>- Trẻ em dưới 14 tuổi khi đi tour phải mang theo giấy khai sinh (bản gốc hoặc bản sao y) hoặc hộ chiếu. Trẻ em từ đủ 14 tuổi trở lên phải mang theo giấy CMND.<br><strong>- Tất cả giấy tờ tùy thân mang theo đều phải bản chính và còn hạn sử dụng tính đến ngày về của chuyến đi.</strong><br>- Du khách mang theo hành lý gọn nhẹ và phải tự bảo quản hành lý, tiền bạc, tư trang trong suốt thời gian đi du lịch.<br>- Khách Việt Nam ở cùng phòng với khách Quốc tế&nbsp; hoặc Việt kiều yêu cầu phải có giấy hôn thú.</p><p><strong>* Lưu ý:</strong><br><strong>- Du khách có mặt tại sân bay trước 2 tiếng so với giờ máy bay khởi hành.</strong>&nbsp;Trong trường hợp đến trễ không làm thủ tục đúng giờ (khi hãng hàng không đã đóng quầy, kết thúc chấp nhận hành khách); Không lên máy bay trước giờ đóng cửa lên máy bay, hoặc hủy tour không báo trước vui lòng chịu phí như “hủy vé ngay ngày khởi hành”.<br>- Công ty xuất hóa đơn cho du khách có nhu cầu (Trong thời hạn 7 ngày sau khi kết thúc chương trình du lịch). Du khách được chọn một trong những chương trình khuyến mãi dành cho khách lẻ định kỳ (Nếu có).<br>- Trường hợp Du khách muốn ngủ phòng đơn phải đóng thêm chi phí phụ thu.</p>', 1, NULL, '2022-07-11 05:58:25', '2022-07-11 05:58:25');
INSERT INTO `products` (`id`, `category_id`, `title`, `slug`, `description`, `image`, `time`, `vehicle`, `starting_point`, `destination`, `tour`, `tour_policy`, `status`, `price`, `created_at`, `updated_at`) VALUES
(12, '8', 'DU LỊCH HÀN QUỐC - THƯỞNG NGOẠN THU VÀNG [SEOUL – NAMI – EVERLAND]', 'du-lich-han-quoc-thuong-ngoan-thu-vang-[seoul-–-nami-–-everland]', '<p>- Thưởng ngoạn thiên nhiên tuyệt vời trên đảo Nami xinh đẹp và yên bình&nbsp;</p><p>- Chiêm ngưỡng và chụp hình lưu niệm với những khóa tình yêu nổi tiếng tại Tháp truyền hình Namsan&nbsp;</p><p>- Khám phá và vui chơi tại Everland - Top 10 công viên giải trí thu hút nhất thế giới.</p><p>&nbsp;- Thỏa thích mua sắm với các sản phẩm chăm sóc sức khỏe và làm đẹp nổi tiếng Hàn Quốc.</p>', 'product/30Q1yiAobxRPuTOgHnvb7r0el4DAIvswD0ytqIiN.jpg', '5 ngày 4 đêm', 'Hàng không Vietjetair', 'Hà Nội', 'Hàn Quốc', '<p><strong>Liên hệ tư vấn&nbsp;(khách lẻ)&nbsp;:&nbsp;0904 687 835 (Chị Lan Trang)//098 878 1888 (Chị Thanh Duyên )</strong>&nbsp;<br><strong>Liên hệ&nbsp;tư&nbsp;vấn&nbsp;(khách đoàn) : &nbsp;0936860455 (Văn phòng Thụy Khuê)</strong><br><strong>Liên hệ tư vấn (khách đoàn) :&nbsp; 0913387367 (Văn phòng Phan Chu Trinh)</strong></p><p><strong>***** ĐẶC BIỆT GIẢM NGAY 500.0000Đ/PAX CHO 05 KHÁCH MUA TOUR SỚM NHẤT</strong></p><p><strong>NGÀY 1: HÀ NỘI&nbsp;– SEOUL&nbsp;&nbsp;&nbsp;&nbsp;&nbsp;&nbsp;&nbsp;&nbsp;&nbsp;&nbsp;&nbsp;&nbsp;&nbsp;&nbsp;&nbsp;&nbsp;&nbsp;&nbsp;&nbsp;&nbsp;&nbsp;&nbsp;&nbsp;&nbsp;&nbsp;&nbsp;&nbsp;&nbsp;&nbsp;&nbsp;&nbsp;&nbsp;&nbsp;&nbsp;&nbsp;&nbsp;&nbsp;&nbsp;&nbsp;&nbsp;&nbsp;&nbsp;&nbsp;&nbsp;&nbsp;&nbsp;&nbsp;&nbsp;&nbsp;&nbsp;&nbsp;&nbsp;&nbsp;&nbsp;&nbsp;&nbsp;&nbsp;&nbsp;&nbsp;&nbsp;&nbsp;&nbsp;&nbsp;&nbsp;&nbsp;&nbsp;&nbsp;&nbsp;&nbsp;&nbsp;&nbsp;&nbsp;&nbsp;&nbsp;&nbsp;&nbsp;&nbsp;&nbsp;&nbsp; &nbsp;&nbsp;&nbsp;&nbsp;&nbsp;&nbsp;&nbsp;&nbsp;&nbsp;&nbsp;&nbsp;&nbsp;&nbsp;&nbsp;&nbsp;&nbsp;&nbsp;&nbsp;&nbsp;&nbsp;&nbsp;&nbsp;&nbsp;&nbsp;&nbsp;&nbsp;&nbsp;&nbsp;&nbsp;&nbsp;&nbsp;&nbsp;&nbsp;&nbsp;</strong><br><strong>22h00</strong> Xe và hướng dẫn viên đón quý khách tại <strong>văn phòng Saigontourist 55B Phan Chu Trinh</strong> và đưa đoàn lên sân bay Nội Bài, HDV làm thủ tục cho đoàn đáp chuyến bay <strong>VJ960 (01:40 -&nbsp;07:55)</strong> đi Incheon. Nghỉ đêm trên máy bay</p><p><strong>NGÀY 2:&nbsp; SEOUL -&nbsp;NAMI - THÁP NAMSAN (Ăn sáng, trưa, tối)</strong><br><strong>07h55:</strong>&nbsp;Máy bay hạ cánh tại sân bay Incheon, Xe và HDV đón đoàn đi ăn sáng. Đoàn bắt đầu hành trình tham quan xứ sở kim chi. Quý khách đến với <strong>đảo Nami</strong> xinh đẹp và bình yên với những hàng ngân hạnh thẳng tắp. Thiên nhiên ở Nami vô cùng tuyệt diệu, đổi thay theo từng mùa. Nếu mùa xuân sắc hồng của hoa anh đào tràn ngập khắp hòn đảo, thì đảo Nami mùa hè thì lại khoác trên mình màu xanh biếc, mơn mởn&nbsp; tràn đầy sức sống của những hàng cây hai bên đường thẳng tắp. <strong>Ăn trưa</strong>. Chiều, đoàn đi tham quan <strong>Tháp truyền hình Namsan. </strong>đây là điểm du lịch không thể bỏ lỡ đối với những du khách, nơi mà đứng từ bất cứ đâu trong thủ đô cũng có thể nhìn thấy được. Ban đầu được xây nên để làm một tháp phát thanh truyền hình, giờ đây địa điểm này đã trở thành một không gian văn hóa rất được yêu thích với <strong>hàng rào Khóa tình yêu</strong>, <strong>bảo tàng gấu Teddy</strong> dưới chân tháp (không bao gồm chi phí lên tháp), Chụp ảnh lưu niệm tại <strong>quảng trường Gwanghwamun</strong>, dạo bộ bên <strong>bờ suối Cheong Gye Cheon</strong> giữa lòng thủ đô Seoul <strong>Ăn tối</strong>. Nghỉ đêm tại khách sạn tại Seoul.</p><p><img src=\"https://saigontourist.net/uploads/destination/NuocNgoai/HanQuoc/namsan-seoul-tower_337296986.jpg\" alt=\"\"><br><strong>Tháp truyền hình Namsan</strong></p><p><strong>NGÀY</strong> <strong>3: SEOUL -&nbsp;TRẢI NGHIỆM LÀM KIM CHI VÀ MẶC HANBOK&nbsp;(Ăn sáng, trưa, tối)</strong><br>Ăn sáng tại khách sạn. Đoàn tham quan chụp hình bên ngoài <strong>Nhà Xanh -&nbsp;Phủ Tổng Thống</strong> nơi làm việc và nơi ở chính thức của các đời Tổng Thống. Tham quan <strong>cung điện KyeongBok</strong>&nbsp;-&nbsp;cung điện Hoàng Gia đầu tiên được xây dựng ở triều đại Joseon và là cung điện đồ sộ nhất Hàn Quốc. Tiếp tục tham <strong>quan Bảo tàng Dân gian Quốc gia</strong> nơi lưu trữ và bảo tồn các di sản văn hóa của Hàn Quốc với hơn 10.000 mẫu vật phản ánh nghi lễ, tôn giáo, cách bài trí nhà cửa và các đồ vật trong gia đình Hàn Quốc. Ăn trưa. Tự do tham quan và mua sắm&nbsp; tại <strong>Trung tâm Nhân sâm chính phủ và cửa hàng Mỹ Phẩm </strong>với rất nhiều các nhãn hàng nội địa chất lượng của Hàn Quốc... Tiếp tục tham quan <strong>bảo tàng rong biển Laver (seaweed) Museum - </strong>nơi gìn giữ và phát huy văn hóa ẩm thực truyền thống của Hàn Quốc, đồng thời giới thiệu đến du khách về các loại lá kim – một món ăn không thể thiếu của người Hàn Quốc. <strong>Trải nghiệm làm kimchi và mặc áo Hanbok truyền thống của Hàn Quốc</strong>. Ăn tối. Nghỉ đêm tại khách sạn tại Seoul.</p><p><img src=\"https://saigontourist.net/uploads/destination/NuocNgoai/HanQuoc/kimchi_432100303.jpg\" alt=\"\"><br><strong>Trải nghiệm làm Kim Chi - món ăn truyền thống của Hàn Quốc</strong></p><p><strong>NGÀY</strong> <strong>4: SEOUL</strong> <strong>- EVERLAND (Ăn sáng, trưa, tối)</strong><br>Ăn sáng. Xe và hướng dẫn viên đưa Quý khách tới <strong>công viên Everland -</strong>&nbsp;nằm trong top 10 công viên được yêu thích nhất thế giới với 5 khu chủ đề bao gồm “Chợ toàn cầu”, “Khu phiêu lưu mạo hiểm phong cách Mỹ”, “Vùng đất huyền thoại”, “Khu phiêu lưu mạo hiểm phong cách châu Âu” và “Vườn bách thú” sẽ đưa du khách khám phá lịch sử, văn hóa và lễ hội khắp năm châu... <strong>Ăn trưa.&nbsp; </strong>Tự do tham quan mua sắm tại <strong>cửa hàng tinh dầu thông đỏ, cửa hàng thuốc bổ gan Hàn Quốc..</strong>.. khám phá ẩm thực tại <strong>khu chợ&nbsp; Tongin</strong> (trải nghiệm mua thức ăn bằng đồng xu cổ và thử thách tách kẹo đường Dalgona trong bộ phim Squid Game)<strong>.</strong> Ăn tối. Nghỉ đêm tại khách sạn.</p><p><img src=\"https://saigontourist.net/uploads/destination/NuocNgoai/HanQuoc/Everland-Seoul-Korea_388260586.jpg\" alt=\"\"><br><strong>Công viên Everland</strong></p><p><strong>NGÀY 5</strong>: <strong>SEOUL - HÀ NỘI&nbsp;(Ăn sáng)</strong><br>Ăn sáng. Trả phòng khách sạn. Xe đưa đoàn &nbsp;ra sân bay Incheon, đáp chuyến bay <strong>VJ 961 (11:05 -&nbsp;13:35)</strong> trở về Việt Nam. Hạ cánh tại Nội Bài, xe đón đoàn về trung tâm thành phố. Kết thúc chương trình.</p>', '<p><strong>* Vé trẻ em:</strong><br>-&nbsp;Trẻ em dưới 2 tuổi:&nbsp; &nbsp; &nbsp; &nbsp; &nbsp; &nbsp; &nbsp; &nbsp; &nbsp; 30% giá người lớn (không có dịch vụ)<br>- Trẻ&nbsp;em từ 2 đến dưới 12 tuổi:&nbsp; 90% giá người lớn (bé ngủ chung giường bố mẹ<br>&nbsp; &nbsp; &nbsp; &nbsp; &nbsp; &nbsp; &nbsp; &nbsp; &nbsp; &nbsp; &nbsp; &nbsp; &nbsp; &nbsp; &nbsp; &nbsp; &nbsp; &nbsp; &nbsp; &nbsp; &nbsp; &nbsp; &nbsp; &nbsp; &nbsp; &nbsp;100% giá người lớn (bé ngủ giường riêng)&nbsp;&nbsp;&nbsp;&nbsp;&nbsp;&nbsp;&nbsp;&nbsp;&nbsp;&nbsp;&nbsp;&nbsp; &nbsp;&nbsp;&nbsp;&nbsp;&nbsp;&nbsp;&nbsp;&nbsp;&nbsp;&nbsp;&nbsp;<br>-&nbsp;Trẻ em từ 12 tuổi trở lên:&nbsp; &nbsp; &nbsp; &nbsp; &nbsp;100% giá như người lớn.</p><p><strong>* Giá tour bao gồm:</strong><br>-&nbsp;Vé máy bay khứ hồi hàng không Vietjet. Thuế và phụ phí hàng không<br>-&nbsp;Ngủ tại khách sạn 4* địa phương, tiêu chuẩn 2 người /1 phòng&nbsp; (nếu đoàn lẻ nam hoặc nữ thì ở 3 người/ phòng)<br>-&nbsp;Các bữa ăn tiêu chuẩn 230.000 VNĐ - 280.000 VNĐ/khách/bữa chính<br>-&nbsp;Xe vận chuyển và vé vào cửa các điểm tham quan theo chương trình.<br>-&nbsp;Hướng dẫn viên suốt tuyến<br>-&nbsp;Visa nhập cảnh Hàn Quốc (Thư mời, dịch thụât công chứng Tiếng Anh )<br>-&nbsp;Quà tặng của lữ hành&nbsp;Saigontourist : Ba lô, mũ, vỏ hộ chiếu, tag hành lý&nbsp;<br>-&nbsp;Hành lý ký gửi : 20kg + 07kg hành lý xách tay. 02 bữa ăn trên máy bay</p><p><strong>* Giá tour không bao gồm:</strong><br>-&nbsp;Phụ phí phòng đơn. Phi hành lý quá cước. Chi phí cá nhân: đồ uống, giặt là…<br>-&nbsp;<strong>Phí test trước ngày bay và PCR tại Seoul</strong><br>-&nbsp;Tiền bồi dưỡng cho HDV và lái xe tại nước ngoài (170.000 VNĐ/khách/ngày)</p><p><strong>THÔNG TIN HƯỚNG DẪN</strong></p><p><strong>* Trường hợp hủy tour:&nbsp; </strong>Quý khách vui lòng thanh toán các khoản lệ phí hủy tour như sau<br>-&nbsp;Ngay sau khi đăng ký tour&nbsp;&nbsp;&nbsp;&nbsp;&nbsp;&nbsp;&nbsp;&nbsp; (Không tính thứ Bảy và Chủ Nhật)&nbsp;&nbsp;&nbsp;&nbsp;&nbsp;&nbsp;&nbsp;&nbsp;&nbsp;&nbsp;&nbsp;&nbsp;&nbsp;&nbsp;&nbsp;&nbsp;&nbsp;&nbsp;&nbsp; : Chi trả 30% giá tour.<br>-&nbsp;Trước ngày khởi hành 30 ngày (Không tính Thứ Bảy và Chủ Nhật)&nbsp;&nbsp;&nbsp;&nbsp;&nbsp;&nbsp;&nbsp;&nbsp;&nbsp;&nbsp;&nbsp;&nbsp;&nbsp;&nbsp;&nbsp;&nbsp;&nbsp;&nbsp;&nbsp;&nbsp; : Chi trả 50% giá tour<br>-&nbsp;Trước ngày khởi hành từ 15 -&nbsp;29 ngày &nbsp; (Không tính Thứ Bảy và Chủ Nhật)&nbsp;&nbsp;&nbsp;&nbsp;&nbsp;&nbsp; : Chi trả 70% giá tour<br>-&nbsp;Trước ngày khởi hành từ 05 -&nbsp;14 ngày &nbsp; (Không tính Thứ Bảy và Chủ Nhật)&nbsp;&nbsp;&nbsp;&nbsp;&nbsp;&nbsp; : Chi trả&nbsp; 90% giá tour<br>-&nbsp;Trước ngày khởi hành 01 -&nbsp;04 ngày (Không tính Thứ Bảy và Chủ Nhật)&nbsp; &nbsp; &nbsp; &nbsp; &nbsp; &nbsp; &nbsp; : Chi trả 100% giá tour</p><p>*<strong> Lưu ý:</strong><br>-&nbsp;Bất cứ khách hàng nào bị Lãnh sự quán từ chối cấp Visa, phải trả chi phí làm Visa là <strong>2.300.000 đ/khách</strong><br>- Quý&nbsp;khách vui lòng không tách đoàn trong suốt quá trình tham gia tour. Nếu có nhu cầu tách đoàn vui lòng thông báo cho nhân viên tư vấn ngay khi đăng ký tour để được tư vấn thêm thông tin và các chi phí phát sinh (nếu có).<br>-&nbsp;Khách hàng mang hộ chiếu nước ngoài phải thanh toán thêm: <strong>2.300.000 vnd/1 khách/hành trình</strong><br>-&nbsp;Quý khách từ 70 tuổi trở lên yêu cầu phải có giấy xác nhận đầy đủ sức khỏe để đi du lịch nước ngoài của Bác sĩ và phải có người thân dưới 60 tuổi (đầy đủ sức khỏe) đi theo. Quý khách từ 76 tuổi vui lòng mua thêm bảo hiểm cao cấp khi tham gia tour<br>-&nbsp;Sau khi đóng tiền, nếu quý khách muốn hủy tour, vui lòng đem CMND và hóa đơn đã đóng tiền đến ngay văn phòng lữ hành&nbsp;Saigontourist - Hà Nội (55B Phan Chu Trinh, Q. Hoàn Kiếm, Hà Nội) để làm thủ tục hủy tour. Saigontourist không nhận khách báo hủy qua điện thoại.<br>- Lữ hành Saigontourist không nhận khách có thai từ 5 tháng trở lên tham gia các tour du lịch nước ngoài.<br>-&nbsp;Các điểm tham quan có thể thay đổi thứ tự phụ thuộc vào tình hình thời tiết và điều kiện giao thông tại Hàn Quốc. Thời gian hoa nở rất dễ bị ảnh hưởng bởi điều kiện thời tiết bên ngoài mà nở sớm hay muộn. Đây là trường hợp bất khả kháng mong Quý khách hiểu và thông cảm.<br>-&nbsp; Lữ hành Saigontourist không chịu trách nhiệm về việc hoàn thuế tại sân bay của quý khách..<br>-&nbsp;Trong trường hợp chỉ có&nbsp; 01 khách (người lớn) đi với 01 bé (dưới 12 tuổi), quý khách vui lòng đóng tiền tour cho Bé ngủ giường riêng.<br>-&nbsp;Lưu ý các quý khách đã từng phẫu thuật thẩm mỹ trên khuôn mặt như nâng mũi, cắt mí ….yêu cầu đổi hộ chiếu mới trước khi tham gia tour du lịch nước ngoài<br>-&nbsp;Trường hợp trong đoàn có phát sinh ca nghi nhiễm/nhiễm Covid 19, khách hàng có trách nhiệm phối hợp với lữ hành&nbsp;Saigontourist và chính quyền địa phương tại điểm đến để thực hiện các biện pháp xét nghiệm, điều trị theo quy định. Các chi phí phát sinh trong quy trình cách ly điều trị ( vận chuyển, lưu trú, bữa ăn, chi phí cá nhân khác…sẽ không nằm trong chi phí tour và khách hàng tự chịu trách nhiệm chi trả)<br>-&nbsp;Trong trường hợp đoàn gom dưới 15 khách thì tour không khởi hành. Công ty sẽ tư vấn cho Quý&nbsp;khách chuyển tour sang ngày khởi hành lân cận hoặc thông báo chi phí phát sinh để khởi hành được đoàn. Xin chân thành cám ơn !</p>', 1, NULL, '2022-07-11 06:16:19', '2022-07-11 06:16:19'),
(13, '10', 'DU LỊCH ANH – SCOTLAND ', 'du-lich-anh-–-scotland', '<p>- Hành trình khám phá và chiêm ngưỡng thế giới cung điện, lâu đài và cảnh sắc thiên nhiên kỳ thú trong liên tuyến Anh&nbsp;</p><p>– Scotland cùng Lữ hành Saigontourist.</p><p>- Mãn nhãn với những địa danh nổi tiếng như cầu tháp London Tower Bridge, tháp đồng hồ Big Ben, một thoáng sông Thames thơ mộng vắt ngang qua trái tim nước Anh… .&nbsp;</p><p>- Trải nghiệm Scotland với thời tiết “Bốn mùa trong ngày\" cùng thủ đô Edinburgh cổ kính - vùng đất của những người đàn ông mặc váy len Kilt thổi kèn độc đáo.&nbsp;</p><p>- Đặc biệt phấn khích khi đặt chân vào thánh địa Old Trafford, sân vận động huyền thoại của đội bóng thành Manchester.</p>', 'product/HAI6UJLyHC6QrBTD8Y5zjICsDwoBdXXDNgmgOGvP.jpg', '9 ngày 8 đêm', 'Hàng không Việt Nam', 'TP. Hồ Chí Minh', 'Anh - Scotland', '<p><strong>NGÀY 1: TP.HCM - LONDON</strong><br>Quý khách tự túc tập trung tại lầu 2 Ga đi quốc tế - sân bay quốc tế Tân Sơn Nhất, cùng hướng dẫn viên làm thủ tục đáp chuyến bay <strong>VN51 (23:35-07:40) </strong>đi <strong>London</strong>. Nghỉ đêm và ăn sáng trên máy bay.&nbsp;</p><p><strong>NGÀY 2: TP.HCM - LONDON (Ăn trưa, ăn tối)</strong><br><strong>07h40</strong> sáng đến London, đoàn làm thủ tục nhập cảnh. Bắt đầu hành trình khám phá thành phố <strong>London</strong> kiêu kỳ và hiện đại – thủ phủ của nước Anh rộng lớn với bề dày lịch sử hơn 2.000 năm. Tham quan <strong>Nhà thờ Westminster</strong> và dừng chân chụp hình bên ngoài <strong>Cung điện Buckingham</strong> - nơi nữ hoàng Anh và hoàng tộc đang sinh sống. Chiêm ngưỡng bên ngoài biểu tượng nước Anh: <strong>Tòa nhà Quốc hội Houses of Parliament</strong> nổi tiếng với <strong>tháp đồng hồ Big Ben </strong>và <strong>Cầu Tháp London Tower Bridge</strong> - công trình kết hợp cầu treo&nbsp;với cầu nâng&nbsp;bắc qua sông Thames. Quý khách tản bộ trên con đường <strong>Whitehall</strong> lịch sử được bao bọc bởi rất nhiều tòa nhà chính phủ đến số 10 phố Downing Street, nơi ở của Thủ tướng chính phủ. Nhận phòng khách sạn và nghỉ đêm tại <strong>London.</strong></p><p><img src=\"https://saigontourist.net/uploads/destination/NuocNgoai/Anh/Big-Ben-Houses-Parliament-London_280110926.jpg\" alt=\"\"></p><p><strong>Tháp đồng hồ Big Ben</strong></p><p><strong>NGÀY 3</strong> <strong>: LONDON –</strong> <strong>EDINBURGH (Ăn</strong> <strong>sang, trưa, tối)</strong><br>Đáp chuyến tàu đi <strong>Edinburgh</strong> - thủ đô của Scotland. Khám phá <strong>Lâu đài Edinburgh</strong> - cung điện mùa hè của Hoàng gia Anh, từng là pháo đài hoàng gia chính của Scotland, được xây dựng trên một chỏm đá nhìn ra biển Bắc, một vùng đá núi lửa rộng lớn vươn lên một cách ấn tượng giữa thành phố Edinburgh. Chiêm ngưỡng bên ngoài <strong>Cung điện Holyrood</strong> được xây dựng khoảng thế kỷ 12, là nơi ở chính thức của Vua và Hoàng Hậu Scotland từ thế kỷ 16. &nbsp;Quý khách <strong>thưởng thức một cốc whisky đậm chất Scoland </strong>- trải nghiệm không thể thiếu khi đặt chân đến Scotland.Nhận phòng khách sạn và nghỉ đêm tại <strong>Edinburgh.</strong></p><p><img src=\"https://saigontourist.net/uploads/destination/NuocNgoai/Anh/Edinburgh-Scotland_379879033%20copy%201.jpg\" alt=\"\"></p><p><strong>Lâu đài Edinburgh</strong></p><p><strong>NGÀY 4</strong> <strong>: EDINBURGH - GLASGOW (Ăn sáng, trưa, tối)</strong><br>Đoàn khởi hành đến <strong>Glasgow</strong> <strong>- </strong>thành phố lớn nhất Scotland nằm bên bờ sông Clyde thơ mộng. Chiêm ngưỡng <strong>Quảng trường trung tâm </strong>và ghé chụp hình bên ngoài <strong>Tòa nhà Hội đồng&nbsp;thành phố</strong>; <strong>nhà thờ Glasgow</strong> - một minh chứng điển hình tuyệt đẹp cho phong cách kiến trúc Gothic từ thời Trung cổ. Khám phá <strong>Bảo tàng Giao thông vận tải</strong> - trưng bày một bộ sưu tập lớn xe và các mô hình kể câu chuyện về vận tải. Nghỉ đêm tại <strong>Glasgow</strong>.</p><p><img src=\"https://saigontourist.net/uploads/destination/NuocNgoai/Scotland/Glasgow-Cathedral_334769009.jpg\" alt=\"\"></p><p><strong>Nhà thờ Glasgow</strong></p><p><strong>NGÀY 5:</strong> <strong>GLASGOW</strong> <strong>- LIVERPOOL (Ăn sáng, trưa, tối)</strong><br>Khởi hành tới <strong>Liverpool -</strong> thành phố cảng đẹp bậc nhất nước Anh. Tham quan <strong>Liverpool Anglican Cathedral</strong> - giáo đường lớn nhất của nước Anh và <strong>Bảo tàng trưng bày các hiện vật liên&nbsp;quan&nbsp;đến The&nbsp;Beatles</strong>. Nhận phòng khách sạn và nghỉ đêm tại <strong>Liverpool</strong>.</p><p><img src=\"https://saigontourist.net/uploads/destination/NuocNgoai/Anh/The-Beatles-music_460035778.jpg\" alt=\"\"></p><p><strong>The&nbsp;Beatles</strong></p><p><strong>NGÀY 6: LIVERPOOL – MANCHESTER - STRATFORD-UPON-AVON</strong> <strong>(Ăn sáng, trưa, tối)</strong><br>Di chuyển đến <strong>Manchester</strong>. Khám phá <strong>Sân Vận Động Old Trafford</strong> - sân nhà của đội bóng <strong>Manchester United</strong> nổi tiếng với sức chứa trên 90.000 người và <strong>bảo tàng Manchester United</strong>. chụp hình bên ngoài <strong>Tòa thị chính Manchester</strong> và <strong>Thánh đường Manchester</strong> - điểm dừng chân tiêu biểu không thể bỏ qua đối với những ai đam mê kiến trúc và lịch sử. Di chuyển đến <strong>Stratford-Upon-Avon, </strong>thành phố nhỏ yên bình của miền Trung nước Anh. Nhận phòng khách sạn và nghỉ đêm tại <strong>Stratford-Upon-Avon.</strong></p><p><img src=\"https://saigontourist.net/uploads/destination/NuocNgoai/Anh/Old-Trafford-Manchester-United_389673145.jpg\" alt=\"\"></p><p><strong>Sân Vận Động Old Trafford</strong></p><p><strong>NGÀY 6</strong> : <strong>STRATFORD-UPON-AVON - BICESTER - OXFORD (Ăn sáng và tối,</strong> <strong>ăn trưa tự túc)</strong>&nbsp;&nbsp;&nbsp;&nbsp;&nbsp;&nbsp;<br>Tham quan chụp hình bên ngoài <strong>ngôi nhà nơi William Shakespeare - </strong>nhà văn nổi tiếng, tác giả của Romeo &amp; Juliet sinh sống và <strong>nhà thờ Holy Trinity - nơi lưu giữ thi hài của Shakespeare.</strong> Khởi hành đi <strong>Bicester</strong>. Tự do tham quan và <strong>mua sắm tại Bicester Outlet Village</strong>&nbsp;- Thiên đường mua sắm hàng đầu Châu Âu với những thương hiệu nổi tiếng như Prada, Gucci, Armani, Chloé, Dior… Tiếp tục di chuyển đến <strong>Oxford</strong> - một thành phố cổ kính nổi tiếng với Quần thể các trường đại học danh tiếng. Tham quan <strong>Christchurch College</strong> - học viện danh giá nhất đất nước do Hồng y Wolsey - Quan Chưởng ấn của Vua Henry VIII thành lập năm 1525 trên nền một tu viện cũ; chụp hình bên ngoài trường <strong>Trinity College</strong>. Nghỉ đêm tại <strong>Oxford</strong>.</p><p><img src=\"https://saigontourist.net/uploads/destination/NuocNgoai/Anh/Holy-Trinity-Church-in-Stratford_603794663.jpg\" alt=\"\"></p><p><strong>Nhà thờ Holy Trinity</strong></p><p><strong>NGÀY 7</strong>: <strong>OXFORD - WINSOR - LONDON</strong> <strong>(Ăn sang, trưa, tối)</strong>&nbsp;&nbsp;&nbsp;&nbsp;&nbsp;&nbsp;<br>Đoàn di chuyển về <strong>London</strong>, tham quan <strong>lâu đài Windsor</strong> - nơi ở của Nữ hoàng Elizabeth, là lâu đài lớn và lâu đời nhất trên thế giới với diện tích gần 45.000m2. Quý khách sẽ được chiêm ngưỡng những tác phẩm kiến trúc, hội hoạ, điêu khắc hoành tráng và tuyệt mỹ khi tham quan Nhà nguyện thánh St. George’s và phòng vẽ tranh của Nữ Hoàng; các phòng khách kiến trúc tinh xảo với đèn chùm lộng lẫy, bàn ghế hình dáng cầu kỳ, sàn trải thảm hài hoà và sang trọng đến từng chi tiết. Buổi chiều, Quý khách dạo chơi tại một trong những quảng trường nổi tiếng nhất thế giới <strong>Trafalgar Square</strong> - nơi kỷ niệm chiến thắng của chúa Horatio Nelson chống lại lực lượng hải quân của Napoleon trong trận Trafalgar vào năm 1805. Tự do mua sắm. Nhận phòng khách sạn và nghỉ đêm tại <strong>London.</strong></p><p><img src=\"https://saigontourist.net/uploads/destination/NuocNgoai/Anh/Trafalgar-square-London_140801782.jpg\" alt=\"\"></p><p><strong>Trafalgar Square</strong></p><p><strong>NGÀY 8: LONDON - TP.HCM (Ăn sáng)</strong><br>Xe đưa đoàn ra sân bay, đáp chuyến bay <strong>VN56 (11:10 -</strong> <strong>06:15 +1)</strong> về Tp.HCM. Ăn và nghỉ đêm trên máy bay.</p><p><strong>NGÀY 9: TP.HCM</strong><br>06:15 đến sân bay Tân Sơn Nhất. Kết thúc chương trình du lịch Anh – Scotland.</p>', '<p><strong>GIÁ TOUR TRỌN GÓI ÁP DỤNG (Đã bao gồm đầy đủ các loại thuế phí)</strong><br><strong>Khách ở phòng đơn yêu cầu trả thêm: 15.000.000 VNĐ</strong><br>(Giá tour có thể thay đổi vào thời điểm đặt tour - Áp dụng cho khách từ 12 tuổi đến 69 tuổi)<br><strong>* Vé trẻ em:</strong><br>- Trẻ em từ 02 đến dưới 12 tuổi : 85% giá người lớn (Bé ngủ ghép cùng 2 người lớn và có giường riêng – extra bed)&nbsp;<br>&nbsp; &nbsp; &nbsp; &nbsp; &nbsp; &nbsp; &nbsp; &nbsp; &nbsp; &nbsp; &nbsp; &nbsp; &nbsp; &nbsp; &nbsp; &nbsp; &nbsp; &nbsp; &nbsp; &nbsp; &nbsp; &nbsp; &nbsp;&nbsp;:&nbsp;100% giá người lớn (1 trẻ em ở cùng phòng với 1 người lớn, bé có giường riêng).<br>- Trẻ em từ 12 tuổi trở lên&nbsp; &nbsp; &nbsp;: 100% giá của người lớn<br><strong>* Giá tour bao gồm:&nbsp;&nbsp;&nbsp;&nbsp;&nbsp;&nbsp;&nbsp;</strong><br>- Visa nhập cảnh Anh - Vé máy bay khứ hồi bao gồm thuế sân bay và phí an ninh.<br>- HDV Lữ hành Saigontourist suốt tuyến &amp; tài xế địa phương.<br>- Khách sạn<strong> 4</strong> sao (2 người/phòng), các bữa ăn theo chương trình. Nước uống 1 chai 0.5l/ khách/ ngày<br>- Xe đưa đón và tham quan theo chương trình, quà lưu niệm của Lữ hành Saigontourist (<strong>Vali du lịch size 20, gối cổ, </strong>nón).<br><strong>* Giá tour không bao gồm:</strong><br>- Chi phí làm hộ chiếu, các chương trình tự chọn, nước uống, giặt ủi, điện thoại, hành lý quá cước theo quy định của hàng không... và các chi phí cá nhân khác của khách ngoài chương trình. Chi phí test covid RT-PCR tại Việt Nam trước chuyến đi.<br>- Tiền bồi dưỡng cho hướng dẫn viên và tài xế (<strong>160.000 vnd</strong>/khách/ngày).</p><p><strong>THÔNG TIN HƯỚNG DẪN</strong></p><p><strong>ĐẶT CỌC 40.000.000 VNĐ/ KHÁCH. THANH TOÁN SỐ TIỀN CÒN LẠI TRƯỚC NGÀY ĐI 10 NGÀY LÀM VIỆC.</strong><br><strong>&nbsp; * Trường hợp hủy tour: </strong>(<strong>Thời gian hủy tour được tính cho ngày làm việc, không tính thứ Bảy, Chủ Nhật và các ngày Lễ, Tết</strong>):<br>- Sau khi đặt cọc nếu Quý khách hủy tour công ty chúng tôi sẽ không chịu trách nhiệm hoàn lại tiền cọc.<br>- Nếu quý khách báo hủy hoặc chuyển tour từ 20 - 29 ngày làm việc trước ngày khởi hành, quý khách vui lòng nộp lệ phí là: 50% giá tour<br>- Nếu quý khách báo hủy hoặc chuyển tour từ 10 - 19 ngày làm việc trước ngày khởi hành, quý khách vui lòng nộp lệ phí là: 70% giá tour<br>- Nếu quý khách báo hủy hoặc chuyển tour từ 2 - 9 ngày làm việc, quý khách vui lòng nộp lệ phí là: 90% giá tour<br>- Nếu quý khách báo hủy hoặc chuyển tour trước 24 giờ trước ngày khởi hành, quý khách vui lòng nộp lệ phí là: 100% giá tour<br>- Vì bất cứ lý do nào nếu quý khách bị từ chối cấp visa Anh, quý khách vui lòng nộp lệ phí visa: 10.000.000 đ/khách và hồ sơ sẽ không hoàn lại<br>- Visa Anh được cấp thời hạn đúng theo lịch đi của đoàn. Nếu quý khách muốn ở lại thêm vui lòng báo với nhân viên quầy khi nộp hồ sơ.<br>- Trong trường hợp không đủ số lượng khách (tối thiểu 10 khách) được cấp visa Anh hoặc đoàn không có kết quả visa Anh kịp vào ngày khởi hành tour, Lữ hành Saigontourist sẽ dời ngày khởi hành vào thời gian khác, nếu quý khách nào không thể tham dự vào ngày khởi hành mới vui lòng nộp lệ phí visa 10.000.000 VND/ khách. Trường hợp Quý khách chọn hành trình khác hành trình đã đăng ký, Quý khách vui lòng thanh toán thêm chi phí chênh lệch (nếu có).<br><strong>* Lưu ý:</strong><br>- Quý khách cần tiêm đủ 2 liều vaccine covid khi tham gia tour. Hai liều vaccine tiêm trước 14 ngày nhưng không quá 9 tháng so với ngày đi tour.<br><strong>- CÁC LOẠI VACCINE CỦA NGA, CUBA VÀ TRUNG QUỐC SẼ KHÔNG ĐƯỢC CHẤP NHẬN SỬ DỤNG KHI NHẬP CẢNH ANH QUỐC. QUÝ KHÁCH PHẢI TIÊM THÊM 1 MŨI VACCINE trong những loại sau: Moderna / AstraZeneca/ Pfizer.</strong><br>- Trong trường hợp trong đoàn có phát sinh ca nghi nhiễm hoặc nhiễm Covid-19, khách hàng tuân thủ quy định cách ly và điều trị tại nước sở tại và có trách nhiệm phối hợp với Saigontourist và y tế tại điểm đến để thực hiện các biện pháp xét nghiệm, cách ly/ điều trị theo quy định.<br>- Quý khách từ 70 tuổi trở lên vui lòng đóng thêm phí bảo hiểm cao cấp (phí thay đổi tùy theo tour); phải có giấy xác nhận đầy đủ sức khỏe để đi du lịch nước ngoài của Bác sĩ và phải có người thân dưới 60 tuổi (đầy đủ sức khỏe) đi theo.<br>- Chương trình có thể thay đổi tùy tình hình chuyến bay, khách sạn tại Anh - Scotland và được xác nhận chính thức vào ngày họp đoàn, trước ngày khởi hành 2-3 ngày. Các điểm tham quan có thể không theo thứ tự trong chương trình.<br>- Hộ chiếu quý khách còn giá trị sử dụng và thời hạn trên 6 tháng kể từ ngày về, còn ít nhất 3 trang trắng liền kề nhau (không tính trang bị chú)<br>- Trường hợp hủy tour không áp dụng cho các dịp lễ &amp; Tết.<br>- Sau khi đóng tiền, nếu quý khách muốn hủy tour, vui lòng đem CMND &amp; hóa đơn đã đóng tiền đến ngay Văn phòng Công ty (45 Lê Thánh Tôn,Q.1,Tp.HCM) để làm thủ tục hủy tour. Công ty không nhận khách báo hủy qua điện thoại.<br>- Lữ hành Saigontourist không nhận khách có thai tham gia tour.<br>- Trong trường hợp bất khả kháng do thời tiết, thiên tai, đình công, bạo động, phá hoại, chiến tranh, dịch bệnh, chuyến bay bị trì hoãn hay bị hủy do thời tiết hoặc do kỹ thuật dẫn đến tour không thể thực hiện tiếp tục được, Lữ hành Saigontourist sẽ hoàn trả lại tiền tour cho quý khách sau khi đã trừ lại các chi phí dịch vụ đã thực hiện như phí làm visa và không chịu trách nhiệm bồi thường thêm bất kỳ chi phí nào khác.<br>- Khi đăng ký tour du lịch, Quý khách vui lòng đọc kỹ chương trình, giá tour, các khoản bao gồm cũng như không &nbsp;bao gồm và các điều kiện hủy tour trong chương trình. Trong trường hợp Quý khách không trực tiếp đến đăng ký tour mà do người khác đến đăng ký thì Quý khách vui lòng tìm hiểu kỹ chương trình từ người đăng ký cho mình.<br>- Trong trường hợp chỉ có 1 khách (người lớn) đi với 1 bé (dưới 12 tuổi), quý khách vui lòng đóng tiền tour cho Bé ngủ giường riêng (100%)</p>', 1, NULL, '2022-07-11 06:18:05', '2022-07-11 06:18:05'),
(14, '13', 'DU LỊCH MỸ BỜ TÂY [SAN FRANCISCO - SAN DIEOGO - LOS ANGELES]', 'du-lich-my-bo-tay-[san-francisco-san-dieogo-los-angeles]', '<p>- Khám phá Bờ Tây nước Mỹ chứa đựng vô vàn thú vị.&nbsp;</p><p>- Đặt chân đến San Francisco - thành phố quyến rũ nhất Bờ Tây nước Mỹ, chiêm ngưỡng tuyệt tác kiến trúc kỳ vĩ Cầu Cổng Vàng duyên dáng soi bóng trên vịnh biển xanh dập dờn cánh hải âu trắng muốt.&nbsp;</p><p>- Đặc biệt, tham quan San Diego - thành phố bên bờ Thái Bình Dương, mang hơi thở văn hóa của người Mexico - thế giới của đồ lưu niệm và món ăn ngon không thể bỏ lỡ.&nbsp;</p><p>- Ghé thăm khu Little Saigon - nơi sinh sống của cộng đồng người Việt và thỏa sức mua sắm ở những chuỗi hàng hiệu giảm giá. Chạm chân đến Đại lộ Hollywood và sống trong bầu không khí nghệ thuật thứ bảy.</p>', 'product/7J6fz8gB6AFze3hebo2yfrIklqKkPB8Pph1T3ep0.jpg', '7 ngày 6 đêm', 'Hàng không Việt Nam', 'TP. Hồ Chí Minh', 'Mỹ', '<p><strong>NGÀY 1: TPHCM -&nbsp;SAN FRANCISCO (Ăn trên máy bay)</strong><br>Quý khách tự túc tập trung tại lầu 2 <strong>-</strong> Ga đi quốc tế, sân bay quốc tế Tân Sơn Nhất cùng Hướng dẫn viên Saigontourist làm thủ tục đi <strong>San Francisco</strong> trên chuyến bay chuyến bay <strong>VN98 (19:00:19:30+)</strong> đến <strong>San Francisco</strong>. Ăn và nghỉ đêm trên máy bay. Máy bay hạ cánh sân bay San Francisco lúc 19:30 tối (giờ địa phương). Quý khách làm thủ tục nhập cảnh và nhận hành lý. Đoàn di chuyển về khách sạn nhận phòng và nghỉ đêm tại <strong>San Francisco.</strong></p><p><strong>NGÀY 2</strong>: <strong>SAN FRANCISCO CITY TOUR (Ăn sáng, trưa, tối)</strong><br>Quý khách tham quan <strong>San Francisco</strong>: chiêm ngưỡng tòa thị chính <strong>San Francisco City Hall</strong> , <strong>Cầu Cổng Vàng – Golden Gate</strong> biểu tượng nổi tiếng nhất của thành phố, khu phố người Hoa<strong> China Town</strong>; <strong>Cảng Ngư Phủ - Fisherman’s Wharf </strong>nhộn nhịp với những cửa hàng quà đặc sắc. Tiếp tục hành trình đến khu trung tâm thành phố với <strong>Quảng Trường Union</strong>, thưởng ngoạn<strong> đường hoa Lombard </strong>- con đường dốc nghiêng 40 độ quanh co uốn lượn với hai bên lối đi trồng rất nhiều hoa, biểu tượng thành phố San Francisco. Nghỉ đêm tại <strong>San Francisco.</strong></p><p><img src=\"https://saigontourist.net/uploads/destination/NuocNgoai/MY/San-Francisco/Union-Square_372119197.jpg\" alt=\"\"><br><strong>Quảng Trường Union</strong></p><p><strong>NGÀY 3</strong>: <strong>SAN FRANCISCO - LOS ANGELES&nbsp; (Ăn sáng, trưa, tối)</strong><br>Trả phòng. Đoàn di chuyển đến <strong>Los Angeles</strong>. Trên đường đi đoàn ghé thăm <strong>làng Solvang</strong>, được mệnh danh là tiểu Đan Mạch trên đất Mỹ, nơi có những cối xay gió, bánh ngọt và bia. Sau bữa trưa, đoàn tiếp tục đến thành phố Los Angeles. Tham quan khu cộng đồng người Việt <strong>Little Saigon</strong> để tìm hiểu về cuộc sống của cộng đồng người Việt tại Mỹ <strong>(</strong>thương xá<strong> Phước Lộc Thọ). </strong>Tự do khám phá và nghỉ đêm tại <strong>Los Angeles.</strong></p><p><img src=\"https://saigontourist.net/uploads/destination/NuocNgoai/MY/San-Francisco/Solvang_514294900.jpg\" alt=\"\"><br><strong>Làng Solvang</strong></p><p><strong>NGÀY 4</strong>: &nbsp;<strong>LOS ANGELES - SAN DIEGO - LOS ANGELES (Ăn sáng, trưa, tối)</strong><br>Đoàn khởi hành đi <strong>San Diego</strong> - thành phố lâu đời nhất California. Dạo bộ tại <strong>phố cổ San Diego</strong> duyên dáng còn lưu giữ nhiều công trình xưa mang kiến trúc Châu Âu và hàng quán lưu niệm sinh động đậm hơi thở văn hóa Mexico; tham quan <strong>công viên Balboa</strong>, chụp hình bên ngoài <strong>bảo tàng chiến hạm USS Midway</strong> và chiêm ngưỡng <strong>cầu Coronado</strong> tuyệt đẹp hình vòng cung. Đoàn trở lại Los Angeles. Nghỉ đêm tại <strong>Los Angeles.</strong></p><p><img src=\"https://saigontourist.net/uploads/destination/NuocNgoai/MY/San-Diego/Balboa-park_243877972.jpg\" alt=\"\"><br><strong>Công viên Balboa</strong></p><p><strong>NGÀY 5: LOS ANGELES - TP.HCM&nbsp; (Ăn sáng, trưa)</strong><br>Tham quan <strong>trung tâm kinh đô điện ảnh Hollywood</strong>, tản bộ trên <strong>con đường danh vọng Hollywood Boulevard</strong> - nơi in tên các tài tử nghệ sĩ điện ảnh nổi tiếng như Marilyn Monroe, Michael Jackson. Dừng chân tại nhà hát <strong>Chinese Mann’s Theatre - </strong>nơi in dấu tay của các diễn viên điện ảnh nổi tiếng. Đoàn ra sân bay đáp chuyến bay nội địa về lại <strong>San Francisco</strong>. Đến sân bay San Francisco đoàn tiếp tục nối chuyến bay <strong>VN99 (00:01-06:05)</strong> về <strong>TP.HCM</strong>. Nghỉ đêm trên máy bay.</p><p><img src=\"https://saigontourist.net/uploads/destination/NuocNgoai/MY/Los-Angeles/Grauman-Chinese-Theater_396521347.jpg\" alt=\"\"><br><strong>Chinese Mann’s Theatre</strong></p><p><strong>NGÀY 6 </strong>: <strong>NGHỈ NGƠI TRÊN MÁY BAY</strong></p><p><strong>NGÀY 7: SAN FRANCISCO</strong> <strong>- TP. HCM</strong><br>Máy bay hạ cánh tại sân bay Tân Sơn Nhất lúc <strong>06:00</strong> sáng. Kết thúc chương trình du lịch Mỹ.</p>', '<p><strong>GIÁ TOUR TRỌN GÓI ĐI CÙNG ĐOÀN VÀ KẾT THÚC TOUR TẠI MỸ </strong><i><strong>(Đã bao gồm đầy đủ thuế và phí)</strong></i><br><strong>Khách ở phòng đơn, vui lòng trả thêm: 10.000.000 VNĐ</strong><br>(Giá tour có thể thay đổi vào thời điểm đặt tour - Áp dụng cho khách từ 12 tuổi đến 69 tuổi)</p><p><strong>* Vé trẻ em:</strong><br>-&nbsp;Trẻ em từ 2 đến dưới 12 tuổi&nbsp;&nbsp;&nbsp;&nbsp;&nbsp;&nbsp;&nbsp;&nbsp;&nbsp;&nbsp;&nbsp;&nbsp;&nbsp;&nbsp;&nbsp;&nbsp; : 75% giá của người lớn (bé ngủ chung giường với Bố Mẹ).<br>&nbsp; &nbsp; &nbsp; &nbsp; &nbsp; &nbsp; &nbsp; &nbsp; &nbsp; &nbsp; &nbsp; &nbsp; &nbsp; &nbsp; &nbsp; &nbsp; &nbsp; &nbsp; &nbsp; &nbsp; &nbsp; &nbsp; &nbsp; &nbsp; &nbsp; &nbsp; &nbsp; &nbsp; &nbsp; &nbsp; &nbsp; &nbsp; &nbsp;: 90% giá của người lớn (bé có giường riêng).<br>-&nbsp;Trẻ em từ 12 tuổi trở lên&nbsp;&nbsp;&nbsp;&nbsp;&nbsp;&nbsp;&nbsp;&nbsp;&nbsp;&nbsp;&nbsp;&nbsp;&nbsp;&nbsp;&nbsp;&nbsp;&nbsp;&nbsp;&nbsp;&nbsp;&nbsp;&nbsp;&nbsp;&nbsp;&nbsp;&nbsp;&nbsp;&nbsp; : 100% giá như người lớn.<br><strong>* Giá tour bao gồm:</strong><br><strong>-&nbsp;Vé máy bay khứ hồi SGN-SFO</strong>. Thuế sân bay hai đầu và phí an ninh. Chuyến bay và giờ bay có thể thay đổi giờ chót tùy thuộc vào tình hình hàng không. Dự kiến hàng không <strong>Vietnam Airlines</strong> hoặc các hàng không khác có thể đáp ứng thuận tiện vé cho đoàn tại thời điểm khởi hành.<br>-&nbsp;Khách sạn <strong>3 sao</strong> (2 người/phòng), các bữa ăn theo chương trình. Hướng dẫn của Lữ Hành Saigontourist suốt tuyến.<br>-&nbsp;01 lần test RT - PCR tại Mỹ. Xe đưa đón và tham quan theo chương trình, quà lưu niệm của Lữ Hành Saigontourist (<strong>túi cần đẩy + gối cổ)</strong><br>-&nbsp;Chi phí tham quan và vé vào cửa tham quan theo chương trình. Thuế giá trị gia tăng.<br><strong>* Giá tour không bao gồm:</strong><br>-&nbsp;Chi phí làm visa Mỹ: <strong>3.840.000 vnđ/khách (giá có thể thay đổi theo thực tế)</strong> chi phí làm hộ chiếu, các chương trình tự chọn, nước uống, giặt ủi, điện thoại... và các chi phí cá nhân khác của khách ngoài chương trình.<br>-&nbsp;Hành lý quá cước, chi phí dời ngày và đổi chặng bay theo qui định của hàng không. Tiền thuê xe đẩy hành lý tại sân bay Mỹ.<br>-&nbsp;Chi phí test covid RT-PCR tại Việt Nam trước chuyến đi.<br>-&nbsp;Tiền bồi dưỡng cho HDV Lữ Hành Saigontourist và lái xe địa phương (160.000 vnđ/ khách/ngày).<br>-&nbsp;Các chi phí phát sinh trong quá trình cách ly điều trị Covid-19, bao gồm các chi phí xét nghiệm, cách ly y tế, các chi phí cá nhân khác như đi lại, ăn uống và các chi phí điều trị y tế mà không nằm trong các điều khoản Bảo Hiểm du lịch.<br><strong>&nbsp;*Quy định Xuất Nhập cảnh, Quy định Cách ly:</strong><br>- Tuân thủ quy định Xuất nhập cảnh và cách ly tại nước sở tại.<br>- Khách tiêm chủng đủ 2 mũi vaccine<br>- Trước khi khởi hành đến Mỹ: Xét nghiệm âm tính với Covid-19 bằng hình thức Antigen hoặc RT-PCR được thực hiện trong vòng 1 ngày trước khi khởi hành.<br>- Trong trường hợp trong đoàn có phát sinh ca nghi nhiễm hoặc nhiễm Covid-19, khách hàng tuân thủ quy định cách ly và điều trị tại nước sở tại và có trách nhiệm phối hợp với Lữ hành Saigontourist và y tế tại điểm đến để thực hiện các biện pháp xét nghiệm, cách ly/ điều trị theo quy định.</p><p><strong>THÔNG TIN HƯỚNG DẪN</strong></p><p>&nbsp;</p><p><strong>Quy trình đăng ký và thanh toán:</strong><br>1.Đợt 1: Đặt cọc<strong> 25.000.000 vnđ/khách</strong>. Qúy khách phối hợp nộp một bản copy hồ sơ theo yêu cầu của Lữ Hành Saigontourist.<br>2.Đợt 2: Thanh toán số tiền tour còn lại trong vòng 3 ngày sau khi được chấp thuận visa.<br>3. Trường hợp khách có sẵn visa hợp lệ: Đặt cọc <strong>50% giá tour/khách</strong> và thanh toán số tiền còn lại trước ngày đi 30 ngày làm việc.<br><strong>Điều khoản hủy tour</strong> (Thời gian hủy tour được tính cho ngày làm việc, không tính ngày Thứ Bảy, Chủ Nhật và các ngày nghỉ Lễ).<br><strong>- Sau khi đặt cọc tour, nếu Qúy khách báo hủy tour Công ty chúng tôi sẽ không hoàn lại tiền cọc. </strong>Đồng thời Lữ Hành Saigontourist sẽ báo hủy hồ sơ phỏng vấn của khách.<br>-&nbsp;Nếu quý khách bị từ chối visa Mỹ, quý khách vui lòng nộp lệ phí là: <strong>3.840.000 vnđ.</strong><br>-&nbsp;Nếu quý khách báo hủy tour vui lòng thanh toán lệ phí hủy tour&nbsp; cụ thể như sau:<br>1/ Trước ngày đi từ 35 - 20 ngày làm việc (không tính thứ Bảy &amp; Chủ Nhật &amp; ngày nghỉ Tết) thanh toán: <strong>75% giá tour</strong><br>2/ Trước ngày đi từ 10 - 19 ngày làm việc (không tính thứ Bảy &amp; Chủ Nhật &amp; ngày nghỉ Tết) thanh toán: <strong>90% giá tour</strong><br>3/ Hủy trước ngày đi trong vòng 9 ngày làm việc (không tính thứ Bảy &amp; Chủ Nhật &amp; ngày nghỉ Tết): <strong>100% giá tour&nbsp; &nbsp; &nbsp;</strong> &nbsp; &nbsp; &nbsp;<br>-&nbsp;Quý khách có nhu cầu lưu trú lại Mỹ thêm ngoài chương trình tour vui lòng thông báo tại thời điểm đăng kí và đóng thêm tiền vé máy bay phụ trội ở lại về sau và các chặng bay nội địa theo quy định của hàng không.<br><strong>-&nbsp;Trường hợp đoàn không đáp ứng được số lượng khách đạt visa tối thiểu 10 người, Lữ Hành Saigontourist có quyền hủy dịch vụ và chuyển ngày khởi hành sang thời điểm khác. Quý khách vui lòng sắp xếp tham gia tour trong thời hạn visa hợp lệ. Trường hợp quý khách không tham gia tour, Lữ Hành Saigontourist sẽ chỉ thu 10.000.000 vnđ và hoàn trả toàn bộ phần tiền còn lại cho quý khách.</strong><br><strong>* Lưu ý:</strong><br>-&nbsp;Chương trình có thể thay đổi tùy tình hình chuyến bay, khách sạn tại Mỹ được xác nhận chính thức vào ngày họp đoàn, trước ngày khởi hành 3 - 5 ngày. Các điểm tham quan có thể không theo thứ tự trong chương trình.<br>-&nbsp;Hộ chiếu (passport) của quý khách phải còn thời hạn trên 6 tháng kể từ ngày về. Hộ chiếu còn ít nhất 2 trang trắng liền nhau (không tính trang bị chú).<br>-&nbsp;Sau khi đóng tiền, nếu quý khách muốn hủy tour, vui lòng đem CMND &amp; hóa đơn đã đóng tiền đến ngay Văn phòng Công ty (45 Lê Thánh Tôn, Q.1, Tp.HCM) để làm thủ tục hủy tour. Công ty không nhận khách báo hủy qua điện thoại.<br>-&nbsp;Lữ Hành Saigontourist không nhận khách có thai từ 5 tháng trở lên tham gia các tour du lịch nước ngoài.<br>-&nbsp;Trong trường hợp bất khả kháng do thời tiết, thiên tai, đình công, bạo động, phá hoại, chiến tranh, dịch bệnh, chuyến bay bị trì hoãn hay bị hủy do thời tiết hoặc do kỹ thuật… dẫn đến tour không thể thực hiện tiếp tục được, Lữ Hành Saigontourist sẽ hoàn trả lại tiền tour cho quý khách sau khi đã trừ lại các chi phí dịch vụ đã thực hiện như phí làm visa… và không chịu trách nhiệm bồi thường thêm bất kỳ chi phí nào khác.<br>-&nbsp;Trong trường hợp chỉ có 1 khách (người lớn) đi với 1 bé (dưới 12 tuổi), quý khách vui lòng đóng tiền tour cho Bé ngủ giường riêng.</p>', 1, NULL, '2022-07-11 06:20:00', '2022-07-11 06:20:00');
INSERT INTO `products` (`id`, `category_id`, `title`, `slug`, `description`, `image`, `time`, `vehicle`, `starting_point`, `destination`, `tour`, `tour_policy`, `status`, `price`, `created_at`, `updated_at`) VALUES
(15, '12', 'DU LỊCH CANADA [VANCOUVER - VICTORIA - WHISTLER VILLAGE]', 'du-lich-canada-[vancouver-victoria-whistler-village]', '<p>- Khám phá một Canada đẹp ngỡ ngàng khi khoác lên mình chiếc áo vàng, đỏ rực rỡ màu lá phong và cảm nhận làn gió mùa thu mát lạnh tại một trong những nơi đón mùa thu đẹp nhất thế giới&nbsp;</p><p>- Tham quan thành phố Vancouver năng động và hiện đại vào bậc nhất thế giới, Victoria đa văn hóa, sắc tộc, nghệ thuật và thanh bình.&nbsp;</p><p>- Chiêm ngưỡng phong cảnh đẹp kỳ vỹ, những ngọn núi uy nghiêm tráng lệ xen lẫn khu miền quê thân thương.&nbsp;</p><p>- Thư giãn dạo bước trong không khí trong lành và chiêm ngưỡng những thảm hoa rực rỡ khoe sắc được chăm sóc bởi những người làm vườn tài hoa trong vườn Butchart.&nbsp;</p><p>- Trải nghiệm đi qua cầu treo Capilano dành cho người đi bộ dài 137m, bắc ngang sông Capilano hay ngắm nhìn ngọn núi hùng vĩ Whistler Blackcomb trên cáp treo tại làng du lịch Whistler</p>', 'product/TX6dcnSYraSKKaG0C4N3urAxzZrtxI2c3qZl6rtk.jpg', '07 ngày 06 đêm', 'Hàng không Cathay Pacific', 'TP. Hồ Chí Minh', 'Canada', '<p><strong>NGÀY 1: TP.HCM&nbsp; - HONG KONG - VANCOUVER (Ăn trên máy bay)</strong><br>Quý khách tự túc tập trung tại lầu 2 <strong>-</strong> Ga đi quốc tế sân bay Tân Sơn Nhất, cùng HDV Saigontourist làm thủ tục đón chuyến bay <strong>CX764 (19:05-22:40)</strong> đi <strong>Hong Kong</strong>. Đến <strong>Hong Kong</strong>, quý khách nối chuyến bay <strong>CX888 (00:45-21:35-1)</strong> đi <strong>Vancouver </strong>- thành phố yên bình và trù phú bên bờ Tây Canada. Ăn và nghỉ trên máy bay. Hạ cánh tại sân bay quốc tế <strong>Vancouver </strong>vào lúc <strong>21g35 (giờ địa phương)</strong>. Quý khách làm thủ tục nhập cảnh. Nhận phòng khách sạn và nghỉ đêm tại <strong>Vancouver.</strong></p><p><img src=\"https://saigontourist.net/uploads/destination/NuocNgoai/Canada/Vancouver_159081260.jpg\" alt=\"\"></p><p><strong>Thành phố&nbsp;Vancouver</strong></p><p><strong>NGÀY 2: VANCOUVER - WHISTLER VILLAGE (Ăn sáng, trưa, tối)</strong><br>Khởi hành đến <strong>làng du lịch Whistler</strong> - một đô thị miền núi xinh đẹp cách Vancouver khoảng 125km, là nơi tổ chức Olympic mùa Đông năm 2010. Whistler là khu du lịch nghỉ dưỡng nổi tiếng nhất về trượt tuyết và lớn nhất Bắc Mỹ. Xe đưa đoàn đi dọc theo hành lang biển từ Vancouver đến phía bắc của Whistler, thưởng lãm khung cảnh núi non tuyệt đẹp dọc 02 bên bờ biển, chiêm ngưỡng vẻ đẹp hùng vĩ của <strong>thác nước Shannon. </strong>Trên đường đi, đoàn sẽ dừng chân tại núi Squamish – đây là ngọn núi kết hợp giữa thắng cảnh tự nhiên và di tích văn hóa. Trải nghiệm cảm giác bồng bềnh trên mây với <strong>cáp treo Sea to Sky Gondola</strong> để khám khá không gian tự nhiên rộng lớn. Tiếp tục đến với <strong>ngôi làng Whistler </strong>với con đường dành cho người đi bộ nên thơ, nhiều quán cà phê đẹp và cửa hàng mua sắm. Đoàn quay về <strong>Vancouver</strong> nghỉ đêm.</p><p><img src=\"https://saigontourist.net/uploads/destination/NuocNgoai/Canada/Whistler_658641394.jpg\" alt=\"\"></p><p><strong>Làng du lịch Whistler</strong></p><p><strong>NGÀY 3:</strong> <strong>VANCOUVER - VICTORIA - VANCOUVER (Ăn sáng, trưa, tối)</strong><br>Đến <strong>bến B.C ferry</strong> di chuyển sang <strong>Victoria </strong>- mệnh danh là thành phố hoa, thủ phủ của bang British Columbia. Tham quan <strong>vườn Butchart</strong> tuyệt mỹ. Thư giãn dạo bước và chiêm ngưỡng những hoa cỏ, cây cảnh tinh tế được chăm sóc bởi những người làm vườn tài hoa. Chụp hình bên ngoài <strong>Viện Bảo tàng Provincial Royal B.C và Empress Hotel – </strong>một trong những khách sạn cổ và nổi tiếng nhất ở Victoria. Trở lại <strong>Vancouver</strong> nghỉ đêm.</p><p><img src=\"https://saigontourist.net/uploads/destination/NuocNgoai/Canada/The-Butchart-Gardens-Victoria_127044371.jpg\" alt=\"\"></p><p><strong>Vườn Butchart</strong></p><p><strong>NGÀY 4: VANCOUVER (Ăn sáng, trưa, tối)</strong><br>Đoàn thăm <strong>bến du thuyền Canada Palace</strong> với biểu tượng 5 cánh buồm trắng cũng là biểu tượng đặc trưng khi đến với thành phố xinh đẹp này. Chụp ảnh với biểu tượng <strong>ngọn đuốc Olympic Cauldron</strong> của thế vận hội mùa đông 2010. Khám phá <strong>Khu phố Gastown</strong> được thành lập từ năm 1867 vẫn còn giữ được nhiều nét đẹp cổ xưa đan xen với kiến trúc mới, tản bộ trên con đường lát đá với các tiệm cà phê thơ mộng, những hàng quán xinh xắn. Chiêm ngưỡng <strong>Tháp Đồng hồ chạy bằng hơi nước </strong>độc đáo. Tham quan <strong>Khu phố Người Hoa </strong>náo nhiệt với các hoạt động thương mại, ẩm thực và văn hóa mang sắc màu Á Đông. Trải nghiệm cảm giác mạo hiểm khi đi bộ trên cây <strong>cầu treo</strong> <strong>Capilano</strong> lơ lửng giữa thảm rừng xanh pha chút lá vàng trong <strong>công viên Capilano</strong>. Đây là cây cầu nổi tiếng cổ nhất, cao nhất và dài nhất thế giới nối hai bờ của dòng sông Pilano mạnh mẽ chảy không ngừng nghỉ. Nghỉ đêm tại <strong>Vancouver.</strong></p><p><img src=\"https://saigontourist.net/uploads/destination/NuocNgoai/Canada/Clock-in-Gastown-Vancouver.jpg\" alt=\"\"></p><p><strong>Tháp Đồng hồ chạy bằng hơi nước</strong></p><p><strong>NGÀY 5</strong>: <strong>VANCOUVER - ĐẢO GRANVILLE - HONG KONG (Ăn sáng, trưa, tối)</strong><br>Tham quan <strong>hòn đảo Granville</strong> - một trung tâm văn hóa, du lịch của thành phố với các hoạt động nghệ thuật, ẩm thực, lễ hội vui chơi giải trí. Quý khách dạo chơi khu chợ trời <strong>Public Market</strong> nổi tiếng với những đặc sản như cá hồi xông khói, phô mai, kẹo bánh…. Quý khách tự do mua sắm tại trung tâm thương mại. Xe đưa đoàn ra sân bay làm thủ tục đón chuyến bay <strong>CX865 (00:55 – 05&nbsp;:35+1)</strong> về <strong>Hong Kong</strong>. Ăn và nghỉ trên máy bay.</p><p><img src=\"https://saigontourist.net/uploads/destination/NuocNgoai/Canada/Grandville-Island_139555532.jpg\" alt=\"\"></p><p><strong>Public Market</strong></p><p><strong>NGÀY 6</strong>: <strong>NGHỈ TRÊN MÁY BAY</strong></p><p><strong>NGÀY 7</strong>: <strong>HONG KONG - TP. HCM</strong><br>Đến sân bay <strong>Hong Kong</strong>, đoàn làm thủ tục nối chuyến bay <strong>CX767 (08:35 – 10:15)</strong> về <strong>Tp.HCM.&nbsp;</strong>Máy bay đáp xuống sân bay Tân Sơn Nhất lúc <strong>10:15</strong>. Kết thúc chương trình tour du lịch Canada</p>', '<p><strong>GIÁ TOUR TRỌN GÓI ĐI VÀ VỀ CÙNG ĐOÀN</strong><br><strong>Khách ở phòng đơn, vui lòng trả thêm: 12.000.000 VNĐ</strong><br>(Đã bao gồm đầy đủ thuế và phí - Giá tour có thể thay đổi vào thời điểm đặt tour)<br><strong>* Vé trẻ em:</strong><br>Trẻ em từ 2 đến dưới 12 tuổi&nbsp;: 75 % giá của người lớn (bé ngủ chung giường với Bố Mẹ).<br>&nbsp; &nbsp; &nbsp; &nbsp; &nbsp; &nbsp; &nbsp; &nbsp; &nbsp; &nbsp; &nbsp; &nbsp; &nbsp; &nbsp; &nbsp; &nbsp; &nbsp; &nbsp; &nbsp; &nbsp; &nbsp; &nbsp; &nbsp; &nbsp; :&nbsp;90 % giá của người lớn (bé có giường riêng).<br>Trẻ em từ 12 tuổi trở lên : 100% giá như người lớn.<br><strong>* Giá tour bao gồm:</strong><br>-&nbsp;Vé máy bay khứ hồi theo đoàn. Thuế sân bay hai đầu và phí an ninh. Chuyến bay và giờ bay có thể thay đổi giờ chót tùy thuộc vào tình hình hàng không. Dự kiến hàng không Cathay Pacific (CX) hoặc các hàng không khác có thể đáp ứng thuận tiện vé cho đoàn tại thời điểm khởi hành.<br>-&nbsp;Phí visa, dịch thuật hồ sơ du lịch Canada và phí sinh trắc học. Hành lý: 1 kiện hành lý 23kg/ khách.<br>-&nbsp;Hướng dẫn của Lữ Hành Saigontourist suốt tuyến. Khách sạn <strong>3 sao</strong> (2 người/phòng), các bữa ăn theo chương trình.<br>-&nbsp;Xe đưa đón và tham quan theo chương trình - Quà tặng của Lữ Hành Saigontourist <strong>(vali du lịch + gối cổ + nón)</strong><br>-&nbsp;Chi phí tham quan và vé vào cửa tham quan theo chương trình. Thuế giá trị gia tăng.<br><strong>* Giá tour không bao gồm:&nbsp;&nbsp;&nbsp;&nbsp;&nbsp;&nbsp;&nbsp;&nbsp;&nbsp;&nbsp;&nbsp;&nbsp;</strong><br>-&nbsp;Chi phí làm hộ chiếu, các chương trình tự chọn, nước uống, giặt ủi, điện thoại... và các chi phí cá nhân khác của khách ngoài chương trình.<br>-&nbsp;Hành lý quá cước, chi phí dời ngày và đổi chặng bay theo qui định của hàng không.<br>-&nbsp;Phí phòng đơn (dành cho khách yêu cầu ở phòng đơn). Chi phí test covid RT-PCR tại Việt Nam trước chuyến đi.<br>-&nbsp;Tiền bồi dưỡng cho HDV Lữ Hành Saigontourist và lái xe địa phương (<strong>165.000 vnđ</strong>/ khách/ ngày).</p><p><strong>THÔNG TIN HƯỚNG DẪN</strong></p><p><strong>ĐẶT CỌC 40.000.000 VNĐ/ KHÁCH. THANH TOÁN SỐ TIỀN CÒN LẠI TRƯỚC NGÀY ĐI 10 NGÀY LÀM VIỆC.</strong><br><strong>&nbsp;* Trường hợp hủy tour: </strong>(<strong>Thời gian hủy tour được tính cho ngày làm việc, không tính thứ Bảy, Chủ Nhật và các ngày Lễ, Tết</strong>):<br>-&nbsp;Sau khi đặt cọc nếu Quý khách báo hủy tour trước khi Lữ hành SGT nộp hồ sơ xin visa, quý khách vui lòng nộp lệ phí: 3.000.000 đồng.<br>-&nbsp;Nếu Quý khách báo hủy tour sau khi Lữ hành SGT nộp hồ sơ xin visa, công ty chúng tôi sẽ không chịu trách nhiệm hoàn lại tiền cọc<br>-&nbsp;Nếu quý khách báo hủy hoặc chuyển tour từ 20 - 29 ngày làm việc trước ngày khởi hành, quý khách vui lòng nộp lệ phí là: 50% giá tour<br>-&nbsp;Nếu quý khách báo hủy hoặc chuyển tour từ 10 - 19 ngày làm việc trước ngày khởi hành, quý khách vui lòng nộp lệ phí là: 70% giá tour<br>-&nbsp;Nếu quý khách báo hủy hoặc chuyển tour từ 2 - 9 ngày làm việc, quý khách vui lòng nộp lệ phí là: 90% giá tour<br>-&nbsp;Nếu quý khách báo hủy hoặc chuyển tour trước 24 giờ trước ngày khởi hành, quý khách vui lòng nộp lệ phí là: 100% giá tour<br>-&nbsp;Vì bất cứ lý do nào nếu bị từ chối cấp visa Canada, quý khách vui lòng nộp lệ phí là : <strong>6.000.000 vnđ</strong>/khách và hồ sơ sẽ không hoàn lại<br>-&nbsp;Quý khách có nhu cầu lưu trú tại Canada thêm ngoài chương trình tour vui lòng thông báo tại thời điểm đăng kí tour, đóng thêm tiền vé máy bay phụ trội ở lại về sau và các chặng bay nội địa theo quy định của hàng không.<br><strong>* Lưu ý:</strong><br><strong>-&nbsp;Trường hợp đoàn không đáp ứng được số lượng khách đạt visa tối thiểu 10 người, Lữ Hành Saigontourist có quyền hủy dịch vụ và chuyển ngày khởi hành sang thời điểm khác. Quý khách vui lòng sắp xếp tham gia tour trong vòng 6 tháng. Trường hợp quý khách không tham gia tour, Lữ Hành Saigontourist sẽ chỉ thu 10.000.000 vnđ và hoàn trả toàn bộ phần tiền còn lại cho quý khách.</strong><br><strong>-&nbsp;Quý khách cần tiêm đủ 2 liều vaccine covid khi tham gia tour. Hai liều vaccine tiêm trước 14 ngày nhưng không quá 9 tháng so với ngày đi tour. Du khách có thể phải thực hiện xét nghiệm phân tử COVID-19 khi đến nếu được chọn làm xét nghiệm ngẫu nhiên bắt buộc</strong><br><strong>-&nbsp;CÁC LOẠI VACCINE CỦA NGA VÀ CUBA SẼ KHÔNG ĐƯỢC CHẤP NHẬN SỬ DỤNG KHI NHẬP CẢNH CANADA.</strong><br>-&nbsp;Trong trường hợp trong đoàn có phát sinh ca nghi nhiễm hoặc nhiễm Covid-19, khách hàng tuân thủ quy định cách ly và điều trị tại nước sở tại và có trách nhiệm phối hợp với Saigontourist và y tế tại điểm đến để thực hiện các biện pháp xét nghiệm, cách ly/ điều trị theo quy định.<br>-&nbsp;Trong 1 số trường hợp nhằm đảm bảo quý khách quay trở về Việt Nam (tùy theo hồ sơ từng khách), ngoài số tiền tour đã đóng, quý khách vui lòng ký quỹ từ 300.000.000 - 500.000.000 đồng/ khách tại Lữ hành Saigontourist ngay khi có visa. Sau khi đi tour về theo đúng thời hạn, quý khách vui lòng đem biên nhận đã đặt cọc lên Công ty nhận lại tiền.<br>-&nbsp;Quý khách từ 70 tuổi trở lên vui lòng đóng thêm phí bảo hiểm cao cấp (phí thay đổi tùy theo tour); phải có giấy xác nhận đầy đủ sức khỏe để đi du lịch nước ngoài của Bác sĩ và phải có người thân dưới 60 tuổi (đầy đủ sức khỏe) đi theo. Lữ hành Saigontourist không nhận khách có thai.<br>-&nbsp;Chương trình có thể thay đổi tùy tình hình chuyến bay, khách sạn tại Canada và được xác nhận chính thức vào ngày họp đoàn, trước ngày khởi hành 3 - 5 ngày. Các điểm tham quan có thể không theo thứ tự trong chương trình.<br>-&nbsp;Hộ chiếu (Passport) của quý khách phải còn thời hạn trên 6 tháng kể từ ngày về và còn ít nhất 3 trang trắng liền kề nhau, không tính trang bị chú.<br>-&nbsp;Sau khi đóng tiền, nếu quý khách muốn hủy tour, vui lòng đem CMND &amp; hóa đơn đã đóng tiền đến ngay Văn phòng Công ty (45 Lê Thánh Tôn,Q.1,Tp.HCM) để làm thủ tục hủy tour. Công ty không nhận khách báo hủy qua điện thoại.<br>-&nbsp;Lữ Hành Saigontourist không nhận khách có thai tham gia tour du lịch nước ngoài.<br>-&nbsp;Trong trường hợp bất khả kháng do thời tiết, thiên tai, đình công, bạo động, phá hoại, chính trị, chiến tranh, dịch bệnh, chuyến bay bị trì hoãn hay bị hủy do thời tiết hoặc do kỹ thuật… dẫn đến tour không thể thực hiện tiếp tục được, Lữ Hành Saigontourist sẽ hoàn trả lại tiền tour cho quý khách sau khi đã trừ lại các chi phí dịch vụ không được hoàn trả,… và không chịu trách nhiệm bồi thường thêm bất kỳ chi phí nào khác.<br>-&nbsp;Trong trường hợp chỉ có 1 khách (người lớn) đi với 1 bé (dưới 12 tuổi), quý khách vui lòng đóng tiền tour cho Bé ngủ giường riêng.</p>', 1, NULL, '2022-07-11 06:21:21', '2022-07-11 06:21:21');

-- --------------------------------------------------------

--
-- Table structure for table `product_images`
--

CREATE TABLE `product_images` (
  `id` bigint(20) UNSIGNED NOT NULL,
  `product_id` int(11) NOT NULL,
  `image1` varchar(255) COLLATE utf8mb4_unicode_ci NOT NULL,
  `image2` varchar(255) COLLATE utf8mb4_unicode_ci NOT NULL,
  `image3` varchar(255) COLLATE utf8mb4_unicode_ci NOT NULL,
  `image4` varchar(255) COLLATE utf8mb4_unicode_ci NOT NULL,
  `image5` varchar(255) COLLATE utf8mb4_unicode_ci NOT NULL,
  `created_at` timestamp NULL DEFAULT NULL,
  `updated_at` timestamp NULL DEFAULT NULL
) ENGINE=InnoDB DEFAULT CHARSET=utf8mb4 COLLATE=utf8mb4_unicode_ci;

--
-- Dumping data for table `product_images`
--

INSERT INTO `product_images` (`id`, `product_id`, `image1`, `image2`, `image3`, `image4`, `image5`, `created_at`, `updated_at`) VALUES
(1, 8, 'product_image/49e6BU3RkvnRLqF7mEsrcxDnWSS3c2UM1QlDFiG0.jpg', 'product_image/3exRjElWYpaUKjNTpSVtKneHPydYYBVXv9wuz0cc.jpg', 'product_image/6IVgOfnRrJz8dZQiaFW5UgQ4pw4FgAUT27141ffc.jpg', 'product_image/CUDstCaEbzZVo5wM3QswaW6sZCvlfXvF74veakUh.jpg', 'product_image/g5gO1oFSIN8vyloE8uwumxGrbjo2AOfe66vzMPvH.jpg', '2022-07-08 03:13:58', '2022-07-08 03:13:58'),
(2, 9, 'product_image/C9AKOAYIaY7wx1YqZaTAtXg0F4dYFv8kSqWYOqnN.jpg', 'product_image/de8ADEourgKcrDTxnaiJxDHTAm9uhePerlfAAZ7b.jpg', 'product_image/yaSVkbvEgaObkeX5FtE6kPZg7zPa3WZpbw2oy9qe.jpg', 'product_image/hSjdVeUNEU9A7JHJSXVqhXhSbD9pFwob6iFuxtLn.jpg', 'product_image/ovrykbi9WXY04cdzisb4TUIxNGDeX34xjpcuQjI0.jpg', '2022-07-08 03:18:55', '2022-07-08 03:18:55'),
(3, 12, 'product_image/WJBmW2N0fxwV3bkqglnxhrsklx0qz4ij2wDhZUxz.jpg', 'product_image/r4sYzMzpdJ7FThrm96NPX5EMXtGdSkY5EQa2Pdr8.jpg', 'product_image/DXqXjxUt9x6A2WFgsSi6a36lDlNGrd3ssBDFICfA.jpg', 'product_image/igwtUu6gZi2m7aFyBjU7jOfIlepMQOmXUerafUsQ.jpg', 'product_image/WAjR9jYwtnmcRio5dNvebOYbeK6ALNhmVyjRSYfk.jpg', '2022-07-11 06:32:26', '2022-07-11 06:32:26');

-- --------------------------------------------------------

--
-- Table structure for table `tour_codes`
--

CREATE TABLE `tour_codes` (
  `id` bigint(20) UNSIGNED NOT NULL,
  `product_id` int(11) NOT NULL,
  `tour_code` varchar(255) COLLATE utf8mb4_unicode_ci DEFAULT NULL,
  `start` date NOT NULL,
  `price_adult` int(11) NOT NULL,
  `price_children` int(11) NOT NULL,
  `price_baby` int(11) NOT NULL,
  `created_at` timestamp NULL DEFAULT NULL,
  `updated_at` timestamp NULL DEFAULT NULL
) ENGINE=InnoDB DEFAULT CHARSET=utf8mb4 COLLATE=utf8mb4_unicode_ci;

--
-- Dumping data for table `tour_codes`
--

INSERT INTO `tour_codes` (`id`, `product_id`, `tour_code`, `start`, `price_adult`, `price_children`, `price_baby`, `created_at`, `updated_at`) VALUES
(9, 9, 'STN-2022-9019', '2022-07-13', 9979000, 6718000, 3888000, '2022-07-08 23:59:43', '2022-07-08 23:59:43'),
(10, 9, 'STN-2022-6473', '2022-07-20', 9979000, 6718000, 3888000, '2022-07-08 23:59:58', '2022-07-08 23:59:58'),
(12, 12, 'STN-2022-2675', '2022-12-09', 14900000, 13410000, 4470000, '2022-07-11 06:31:29', '2022-07-11 06:31:29'),
(13, 8, 'STN-2022-6134', '2022-07-23', 10979000, 6878000, 3123000, '2022-07-11 06:33:01', '2022-07-11 06:33:01');

-- --------------------------------------------------------

--
-- Table structure for table `users`
--

CREATE TABLE `users` (
  `id` bigint(20) UNSIGNED NOT NULL,
  `name` varchar(255) COLLATE utf8mb4_unicode_ci NOT NULL,
  `email` varchar(255) COLLATE utf8mb4_unicode_ci NOT NULL,
  `email_verified_at` timestamp NULL DEFAULT NULL,
  `password` varchar(255) COLLATE utf8mb4_unicode_ci NOT NULL,
  `remember_token` varchar(100) COLLATE utf8mb4_unicode_ci DEFAULT NULL,
  `created_at` timestamp NULL DEFAULT NULL,
  `updated_at` timestamp NULL DEFAULT NULL
) ENGINE=InnoDB DEFAULT CHARSET=utf8mb4 COLLATE=utf8mb4_unicode_ci;

--
-- Indexes for dumped tables
--

--
-- Indexes for table `categories`
--
ALTER TABLE `categories`
  ADD PRIMARY KEY (`id`);

--
-- Indexes for table `category_items`
--
ALTER TABLE `category_items`
  ADD PRIMARY KEY (`id`),
  ADD KEY `category_items_category_id_foreign` (`category_id`);

--
-- Indexes for table `category_lists`
--
ALTER TABLE `category_lists`
  ADD PRIMARY KEY (`id`),
  ADD KEY `category_lists_category_id_foreign` (`category_id`);

--
-- Indexes for table `checkouts`
--
ALTER TABLE `checkouts`
  ADD PRIMARY KEY (`id`);

--
-- Indexes for table `failed_jobs`
--
ALTER TABLE `failed_jobs`
  ADD PRIMARY KEY (`id`),
  ADD UNIQUE KEY `failed_jobs_uuid_unique` (`uuid`);

--
-- Indexes for table `migrations`
--
ALTER TABLE `migrations`
  ADD PRIMARY KEY (`id`);

--
-- Indexes for table `news`
--
ALTER TABLE `news`
  ADD PRIMARY KEY (`id`);

--
-- Indexes for table `password_resets`
--
ALTER TABLE `password_resets`
  ADD KEY `password_resets_email_index` (`email`);

--
-- Indexes for table `personal_access_tokens`
--
ALTER TABLE `personal_access_tokens`
  ADD PRIMARY KEY (`id`),
  ADD UNIQUE KEY `personal_access_tokens_token_unique` (`token`),
  ADD KEY `personal_access_tokens_tokenable_type_tokenable_id_index` (`tokenable_type`,`tokenable_id`);

--
-- Indexes for table `products`
--
ALTER TABLE `products`
  ADD PRIMARY KEY (`id`);

--
-- Indexes for table `product_images`
--
ALTER TABLE `product_images`
  ADD PRIMARY KEY (`id`);

--
-- Indexes for table `tour_codes`
--
ALTER TABLE `tour_codes`
  ADD PRIMARY KEY (`id`);

--
-- Indexes for table `users`
--
ALTER TABLE `users`
  ADD PRIMARY KEY (`id`),
  ADD UNIQUE KEY `users_email_unique` (`email`);

--
-- AUTO_INCREMENT for dumped tables
--

--
-- AUTO_INCREMENT for table `categories`
--
ALTER TABLE `categories`
  MODIFY `id` bigint(20) UNSIGNED NOT NULL AUTO_INCREMENT, AUTO_INCREMENT=11;

--
-- AUTO_INCREMENT for table `category_items`
--
ALTER TABLE `category_items`
  MODIFY `id` bigint(20) UNSIGNED NOT NULL AUTO_INCREMENT, AUTO_INCREMENT=14;

--
-- AUTO_INCREMENT for table `category_lists`
--
ALTER TABLE `category_lists`
  MODIFY `id` bigint(20) UNSIGNED NOT NULL AUTO_INCREMENT, AUTO_INCREMENT=9;

--
-- AUTO_INCREMENT for table `checkouts`
--
ALTER TABLE `checkouts`
  MODIFY `id` bigint(20) UNSIGNED NOT NULL AUTO_INCREMENT, AUTO_INCREMENT=21;

--
-- AUTO_INCREMENT for table `failed_jobs`
--
ALTER TABLE `failed_jobs`
  MODIFY `id` bigint(20) UNSIGNED NOT NULL AUTO_INCREMENT;

--
-- AUTO_INCREMENT for table `migrations`
--
ALTER TABLE `migrations`
  MODIFY `id` int(10) UNSIGNED NOT NULL AUTO_INCREMENT, AUTO_INCREMENT=16;

--
-- AUTO_INCREMENT for table `news`
--
ALTER TABLE `news`
  MODIFY `id` bigint(20) UNSIGNED NOT NULL AUTO_INCREMENT, AUTO_INCREMENT=2;

--
-- AUTO_INCREMENT for table `personal_access_tokens`
--
ALTER TABLE `personal_access_tokens`
  MODIFY `id` bigint(20) UNSIGNED NOT NULL AUTO_INCREMENT;

--
-- AUTO_INCREMENT for table `products`
--
ALTER TABLE `products`
  MODIFY `id` bigint(20) UNSIGNED NOT NULL AUTO_INCREMENT, AUTO_INCREMENT=16;

--
-- AUTO_INCREMENT for table `product_images`
--
ALTER TABLE `product_images`
  MODIFY `id` bigint(20) UNSIGNED NOT NULL AUTO_INCREMENT, AUTO_INCREMENT=4;

--
-- AUTO_INCREMENT for table `tour_codes`
--
ALTER TABLE `tour_codes`
  MODIFY `id` bigint(20) UNSIGNED NOT NULL AUTO_INCREMENT, AUTO_INCREMENT=14;

--
-- AUTO_INCREMENT for table `users`
--
ALTER TABLE `users`
  MODIFY `id` bigint(20) UNSIGNED NOT NULL AUTO_INCREMENT;

--
-- Constraints for dumped tables
--

--
-- Constraints for table `category_items`
--
ALTER TABLE `category_items`
  ADD CONSTRAINT `category_items_category_id_foreign` FOREIGN KEY (`category_id`) REFERENCES `category_lists` (`id`);

--
-- Constraints for table `category_lists`
--
ALTER TABLE `category_lists`
  ADD CONSTRAINT `category_lists_category_id_foreign` FOREIGN KEY (`category_id`) REFERENCES `categories` (`id`);
COMMIT;

/*!40101 SET CHARACTER_SET_CLIENT=@OLD_CHARACTER_SET_CLIENT */;
/*!40101 SET CHARACTER_SET_RESULTS=@OLD_CHARACTER_SET_RESULTS */;
/*!40101 SET COLLATION_CONNECTION=@OLD_COLLATION_CONNECTION */;
